,Emp_ID,Age,Gender,City,Education_Level,Salary,Designation,Total Business Value,Quarterly Rating,Target
0,1,28,1,15,2,57387,1,0,2,1
1,2,31,1,26,2,67016,2,0,1,0
2,4,43,1,4,2,65603,2,0,1,1
3,5,29,1,28,1,46368,1,0,1,1
4,6,31,0,2,0,78728,3,0,2,0
5,8,34,1,11,1,70656,3,0,1,1
6,11,28,0,10,2,42172,1,0,1,0
7,12,35,1,15,2,28116,1,0,1,1
8,13,31,1,10,2,119227,4,0,1,1
9,14,39,0,18,1,19734,3,0,1,0
10,16,30,0,15,1,52963,2,0,1,1
11,17,43,1,12,2,51099,1,0,1,1
12,18,27,0,8,0,31631,1,0,1,1
13,20,26,0,10,1,40342,3,0,1,1
14,21,34,0,21,0,22755,1,281380,1,1
15,22,41,1,1,2,31224,1,0,1,1
16,24,31,1,16,2,76308,2,343160,2,1
17,25,31,1,16,0,102077,3,2013180,4,0
18,26,43,1,5,2,132577,4,1453220,2,0
19,29,30,1,4,2,30312,1,0,1,1
20,30,31,1,25,0,69457,3,0,1,1
21,31,32,0,20,2,65189,3,950940,2,0
22,34,28,0,5,0,65813,2,0,1,1
23,35,32,1,24,0,68070,3,0,1,1
24,36,41,0,9,0,32865,2,-325140,2,1
25,37,33,0,5,0,57375,2,0,1,1
26,38,22,1,19,1,13427,1,-155610,1,1
27,39,32,1,18,1,72888,2,150970,2,0
28,40,32,1,6,1,59182,2,0,1,1
29,41,35,1,21,2,92372,4,1270000,2,0
30,42,44,0,20,1,45988,2,0,1,1
31,43,27,0,6,1,12906,1,0,1,1
32,44,28,1,8,2,62100,1,0,1,1
33,45,35,1,27,2,77544,3,1521760,3,0
34,46,36,0,17,2,42171,1,0,1,1
35,47,30,1,13,0,28000,1,382210,2,0
36,49,22,1,12,1,53039,2,0,1,1
37,50,49,0,24,1,89367,3,0,1,1
38,51,34,1,5,1,131347,4,582010,2,1
39,52,37,1,10,1,48687,3,300560,2,0
40,54,35,1,21,0,127826,5,964430,1,0
41,55,30,0,27,1,29985,1,0,1,1
42,56,36,0,10,2,80223,1,458720,4,0
43,57,38,0,0,0,84318,2,0,1,1
44,58,41,1,23,1,57987,2,0,1,1
45,59,35,0,9,0,31644,1,0,1,1
46,60,48,0,12,1,89592,4,1750000,2,0
47,61,32,1,2,2,19818,1,0,1,1
48,62,27,1,28,2,62376,1,0,1,0
49,63,28,1,25,1,93931,3,323370,2,0
50,64,33,1,19,2,66502,2,0,1,1
51,65,30,0,26,0,69539,2,0,2,1
52,66,27,0,23,2,104286,3,0,1,0
53,67,41,1,20,2,65982,2,850760,3,0
54,68,32,1,21,1,79288,3,538920,3,0
55,69,32,0,26,0,64604,2,0,1,1
56,70,35,1,12,0,19235,1,0,1,1
57,71,43,1,12,2,54103,3,0,1,1
58,72,28,1,5,2,42242,2,193580,1,0
59,74,35,0,24,2,59216,2,0,1,1
60,75,25,0,9,2,39884,2,0,2,1
61,77,34,1,22,2,63918,2,754840,3,0
62,78,37,1,13,1,105946,4,2667530,2,0
63,79,32,1,5,0,114648,4,0,1,1
64,80,29,0,26,1,56687,2,153300,1,0
65,81,39,1,28,2,77177,2,0,1,1
66,82,37,0,16,0,89013,3,0,1,1
67,83,34,1,15,2,115159,3,0,1,1
68,84,42,1,7,1,25950,1,-300000,2,1
69,85,25,1,14,2,49509,1,0,1,0
70,86,35,1,11,2,49510,1,0,1,1
71,87,37,1,25,0,119341,3,1310090,4,0
72,88,45,0,22,1,62298,2,0,1,1
73,89,28,1,11,0,58977,2,0,1,1
74,90,33,1,14,1,29408,2,0,1,1
75,91,31,1,13,1,22731,2,200000,1,1
76,93,30,1,8,2,39527,2,0,2,1
77,95,29,0,5,2,60874,3,0,1,1
78,96,35,1,3,2,64953,3,0,1,1
79,97,40,0,11,2,80771,3,350000,1,0
80,98,25,1,7,1,63774,3,0,2,1
81,99,30,1,15,1,38068,2,0,1,1
82,101,33,1,1,1,38945,1,0,1,1
83,102,22,0,3,1,42270,1,0,1,1
84,103,26,0,20,0,68913,2,-150310,1,1
85,104,30,0,15,0,60332,2,606200,2,0
86,105,38,1,23,1,67931,1,0,1,1
87,106,34,0,14,1,57671,3,0,2,1
88,107,35,1,28,2,102142,3,0,1,1
89,108,38,1,14,2,121259,3,0,1,1
90,109,36,0,25,1,33927,1,330140,2,0
91,110,32,0,7,0,32663,1,0,1,1
92,111,52,1,4,0,73769,3,0,1,1
93,112,46,1,21,0,50466,1,611160,3,0
94,113,42,0,1,1,47160,1,-296040,1,1
95,114,32,0,10,1,89456,3,0,1,0
96,115,46,1,0,0,31752,3,373220,2,0
97,116,22,1,2,1,16477,1,0,1,1
98,117,47,0,0,0,144978,5,2092760,2,0
99,118,42,0,19,1,67904,3,0,1,1
100,119,32,0,21,0,71000,3,0,1,1
101,120,27,1,5,2,114258,3,0,1,1
102,121,33,0,4,2,58885,3,0,1,1
103,122,27,1,18,1,57406,2,207520,2,0
104,123,44,1,16,0,41401,1,0,1,1
105,125,33,0,1,2,30847,1,0,1,1
106,127,33,1,20,0,84085,3,0,1,1
107,129,38,0,25,0,60708,2,0,1,0
108,130,38,1,20,0,39990,2,0,1,1
109,131,38,0,10,0,79086,3,0,1,1
110,132,27,1,12,2,43165,2,0,1,1
111,133,44,0,15,2,46858,1,0,1,1
112,134,32,1,19,1,76904,3,190550,1,0
113,135,28,1,14,1,98877,3,950720,2,0
114,136,37,0,1,1,47009,1,0,1,1
115,137,42,1,20,1,33459,2,370410,4,0
116,138,48,1,13,2,34827,1,0,1,1
117,139,32,1,5,0,51850,2,0,1,1
118,140,38,1,28,0,72253,2,555880,3,0
119,141,35,1,14,0,65901,2,0,1,1
120,142,24,1,7,0,29807,1,0,1,1
121,143,40,1,3,2,24150,1,97020,1,1
122,144,27,1,20,2,21933,1,0,1,1
123,145,35,1,4,0,75112,3,0,3,1
124,147,36,1,28,0,85172,2,0,1,1
125,148,41,1,6,1,45288,2,0,1,0
126,149,34,0,12,1,61913,3,0,1,1
127,150,39,1,8,1,29013,3,1198920,3,0
128,151,30,1,6,1,89602,4,0,1,1
129,152,31,1,8,1,31547,2,0,2,1
130,153,38,0,14,0,148588,5,0,1,1
131,154,30,1,13,0,47211,1,0,1,1
132,155,27,1,18,0,118363,3,1168380,2,1
133,156,41,0,28,0,41046,1,0,1,1
134,158,26,1,14,0,45832,1,0,1,1
135,159,44,0,23,0,30121,1,150460,1,1
136,161,38,1,17,2,35793,1,0,1,1
137,162,36,1,11,0,100064,3,0,1,1
138,163,29,1,25,1,25731,1,0,1,1
139,164,37,0,18,1,106171,4,0,1,1
140,165,25,0,13,2,76307,2,0,1,1
141,167,26,1,9,0,35283,1,0,1,1
142,168,26,1,6,2,33057,2,597400,3,0
143,169,34,1,5,2,38409,2,-582010,1,1
144,170,35,1,26,2,91458,3,0,1,1
145,171,44,0,15,0,56242,2,0,1,1
146,172,41,0,25,2,101395,3,0,1,1
147,173,39,1,20,1,56174,3,706010,3,0
148,174,39,0,13,0,22065,1,0,1,1
149,175,31,1,4,1,27889,1,0,1,1
150,176,34,1,6,1,21276,1,0,1,1
151,177,31,1,23,0,43053,1,0,1,1
152,178,23,0,26,1,36637,2,-109200,1,1
153,179,26,0,2,2,24490,1,0,1,1
154,180,34,1,21,0,95694,4,0,1,1
155,181,30,0,8,2,26926,3,0,1,0
156,182,32,1,14,2,25832,1,0,1,1
157,183,26,0,15,2,43263,1,0,1,1
158,184,34,0,13,2,62199,2,0,1,1
159,185,29,1,0,1,82120,3,0,1,1
160,187,34,1,18,0,20922,2,0,1,1
161,188,34,1,3,1,36483,2,263920,1,0
162,190,36,0,0,1,108051,4,0,1,1
163,191,27,0,2,2,63380,3,803360,3,0
164,192,37,0,28,0,66952,3,0,1,0
165,193,47,1,18,2,59084,2,150380,1,1
166,194,30,1,27,1,54074,2,0,1,1
167,195,27,1,9,1,19419,1,0,1,1
168,196,44,1,5,0,75001,3,0,2,1
169,197,41,1,17,0,94594,3,204450,1,1
170,199,30,1,5,1,87902,3,1314790,4,0
171,200,46,1,27,0,66707,3,0,1,1
172,201,38,0,24,1,42260,3,0,1,1
173,202,33,1,20,1,28921,1,593300,2,0
174,203,34,0,23,2,84713,3,0,1,1
175,204,31,0,5,1,68151,2,0,1,1
176,205,39,1,3,1,15826,1,0,1,0
177,206,26,0,1,1,12968,1,0,1,0
178,207,32,1,21,1,61894,3,0,1,1
179,208,31,1,7,2,31657,1,0,1,1
180,210,38,1,21,2,64583,3,0,1,0
181,211,34,0,25,2,81730,3,0,1,1
182,213,37,1,16,1,59947,2,151230,1,0
183,215,26,0,6,0,17307,1,0,1,1
184,216,30,1,12,0,86340,2,0,1,1
185,217,32,1,1,0,27328,2,0,1,1
186,218,25,1,13,1,27979,1,151760,2,0
187,219,36,1,24,1,51657,2,0,1,1
188,220,38,0,9,0,107539,3,0,1,1
189,221,31,1,22,1,13051,1,0,1,1
190,222,26,1,11,1,92753,3,0,1,1
191,223,25,1,12,1,59108,2,0,1,1
192,225,32,0,5,1,44792,3,337020,3,0
193,226,36,0,9,0,55528,2,0,1,1
194,227,45,0,21,2,61912,3,0,1,1
195,228,45,1,25,2,53385,1,0,1,1
196,229,43,1,20,1,104995,4,972700,2,1
197,230,34,1,17,1,44359,2,0,1,1
198,231,32,1,24,0,21354,1,0,1,1
199,232,34,1,6,2,23185,1,0,1,1
200,233,36,0,19,0,139139,3,0,1,0
201,234,27,0,15,0,52616,2,300000,2,0
202,235,39,0,7,1,37873,1,0,1,1
203,237,33,1,1,1,75626,3,181070,1,0
204,238,32,1,12,1,40168,2,0,1,1
205,241,24,1,0,1,33901,1,0,1,1
206,242,28,1,13,1,11236,1,0,1,1
207,243,26,1,23,2,60228,3,232600,1,0
208,244,40,1,12,2,37346,2,0,1,1
209,245,38,1,15,2,77903,2,0,1,1
210,246,42,1,1,0,64128,2,0,1,1
211,247,39,0,23,1,27294,2,0,1,1
212,252,37,1,16,2,81700,3,879970,4,0
213,256,21,1,1,1,25172,1,0,1,1
214,257,30,1,21,0,31655,3,150230,1,1
215,258,29,1,4,1,25459,1,451500,2,0
216,260,29,1,16,0,47864,1,0,1,1
217,261,42,0,12,2,90988,3,0,1,1
218,262,28,0,11,0,24862,2,0,1,1
219,263,24,1,25,1,19170,1,289500,1,0
220,264,25,1,2,2,49439,1,0,1,1
221,265,34,1,22,0,40381,1,183480,2,0
222,266,43,1,7,0,40102,2,0,1,1
223,267,36,1,24,1,89200,3,343200,2,1
224,268,31,0,25,0,54352,1,0,1,1
225,270,36,1,2,0,76336,3,0,1,1
226,271,38,1,21,2,134529,4,0,3,0
227,272,37,1,24,0,64901,2,536600,3,0
228,273,29,1,7,0,40259,1,189120,1,0
229,274,39,1,26,0,53224,2,0,1,0
230,275,41,1,12,1,97226,4,2268510,3,0
231,276,30,0,15,0,107495,3,0,2,0
232,278,34,1,11,1,52191,1,0,1,1
233,279,29,0,11,1,41800,1,0,1,1
234,280,34,0,25,2,108013,4,0,1,1
235,281,43,0,12,0,78607,3,246810,1,0
236,282,29,0,13,1,57339,2,0,1,1
237,283,27,0,21,2,57420,2,0,1,0
238,284,34,1,12,2,42189,2,0,1,1
239,286,30,0,16,0,70781,2,0,1,1
240,287,30,0,26,1,13605,1,0,1,1
241,288,41,0,8,1,62901,2,0,1,0
242,289,29,1,22,1,51110,2,0,1,0
243,290,25,0,24,0,66842,1,0,1,1
244,291,27,0,12,2,49695,2,0,1,1
245,292,33,0,21,2,81858,3,0,1,1
246,293,28,0,2,0,45981,1,0,1,1
247,294,36,1,13,1,13793,1,153360,1,0
248,295,29,0,27,1,35983,2,0,1,1
249,296,32,0,12,0,65094,2,2694320,4,0
250,297,38,1,27,2,109473,3,0,1,0
251,298,39,1,12,1,70753,3,0,1,1
252,299,36,0,20,1,25851,1,0,1,1
253,303,42,1,20,0,78645,2,0,1,1
254,305,24,1,28,1,20176,1,0,1,1
255,306,31,0,23,1,53025,2,0,1,0
256,307,39,1,18,1,88207,4,500050,1,1
257,308,32,1,24,2,188418,5,3772910,2,0
258,309,30,0,24,0,77597,3,0,1,0
259,310,27,0,22,2,58439,1,0,1,0
260,312,34,1,7,1,26047,2,0,1,1
261,313,31,0,6,1,96603,3,0,1,1
262,315,29,0,28,2,50281,3,0,1,1
263,316,47,1,3,2,42592,1,0,1,1
264,317,35,1,24,0,59936,2,246840,1,1
265,318,33,0,22,0,37890,1,0,1,1
266,319,30,1,19,2,51819,3,0,1,1
267,320,28,0,12,1,63126,2,1237400,4,0
268,321,27,0,17,0,29869,1,0,1,1
269,322,41,0,25,1,57245,2,0,1,1
270,323,30,0,21,2,64558,2,496200,2,0
271,324,31,1,18,0,69160,3,0,3,0
272,325,26,1,6,2,50739,1,0,1,1
273,326,24,1,20,2,69454,2,0,1,1
274,327,38,1,22,0,26658,1,0,1,1
275,328,35,0,20,0,54816,3,0,1,1
276,329,44,0,2,0,133752,3,1016090,2,0
277,330,39,0,6,0,35694,1,0,1,1
278,331,35,1,17,2,71154,3,0,1,0
279,332,29,1,16,2,51152,1,0,1,1
280,333,44,0,25,0,45796,1,0,1,1
281,334,29,0,28,1,58812,2,0,1,1
282,335,41,0,2,2,94685,3,0,1,0
283,336,47,1,1,2,140769,4,0,1,1
284,337,45,0,27,2,62135,2,0,1,1
285,339,32,1,8,0,55937,3,0,1,1
286,340,36,1,7,1,33327,1,0,1,1
287,341,40,1,2,0,49592,2,804560,2,0
288,342,45,1,9,2,83084,3,411900,1,1
289,343,24,1,23,0,26563,1,0,1,1
290,344,28,1,11,0,55938,3,0,1,1
291,345,35,0,19,0,35284,2,300290,2,0
292,346,31,0,11,0,92158,3,0,1,1
293,347,36,0,6,1,57044,3,0,1,1
294,348,28,0,4,0,71326,2,0,1,0
295,349,33,1,18,2,56317,2,0,1,1
296,350,33,1,1,2,55441,2,0,1,1
297,351,31,1,28,0,50609,2,2913910,4,0
298,352,44,1,16,1,39564,1,0,1,1
299,353,31,0,9,2,33134,1,149760,1,1
300,354,31,0,2,1,60555,1,0,1,1
301,355,34,1,14,2,135879,3,0,1,1
302,357,35,1,11,1,127616,4,1538020,2,0
303,358,40,0,18,2,117830,3,300000,1,0
304,359,37,1,23,2,107473,4,999990,2,0
305,360,39,0,12,0,58347,2,0,1,1
306,361,33,1,13,1,13743,1,0,1,1
307,362,38,0,12,2,51609,2,896200,2,0
308,363,30,1,13,2,67650,2,0,1,1
309,364,27,1,4,2,35727,1,0,1,1
310,365,24,0,14,1,44740,2,0,1,1
311,366,29,1,6,2,44630,2,0,1,0
312,368,45,1,15,0,51911,2,549400,4,0
313,369,32,1,12,1,28186,1,0,1,1
314,371,48,0,12,0,49113,1,1158050,4,0
315,372,33,0,18,1,82259,2,196560,1,1
316,373,30,0,15,2,38569,1,0,1,1
317,375,36,1,19,1,109992,3,0,2,0
318,376,38,1,24,2,88715,2,847890,3,0
319,377,35,1,24,1,121332,3,574360,2,0
320,378,33,1,28,2,35057,3,0,1,0
321,379,31,1,4,2,29106,1,0,1,1
322,382,28,1,9,1,12938,1,0,1,0
323,383,41,0,8,1,43969,1,0,1,0
324,384,26,0,19,0,52364,2,207420,1,1
325,385,35,0,20,2,77156,3,649800,2,0
326,386,45,0,9,0,137082,4,122770,2,1
327,387,29,0,14,2,45245,1,0,1,1
328,388,34,1,6,0,43611,2,0,1,0
329,389,30,0,6,2,45923,2,-200000,1,1
330,390,32,0,14,2,70428,1,0,1,1
331,391,37,1,14,0,133783,3,800710,3,0
332,392,35,0,12,0,84850,3,0,1,1
333,394,34,0,12,2,97722,4,2701750,3,0
334,397,28,1,3,2,73194,2,0,1,1
335,398,30,1,24,2,63280,2,0,1,0
336,399,31,1,24,2,40604,1,0,1,1
337,400,35,1,10,1,65729,2,602500,2,0
338,401,38,0,15,1,76069,2,0,1,1
339,402,46,1,16,2,91279,3,1949460,3,0
340,403,29,1,6,2,24049,2,0,1,0
341,404,36,1,0,1,41553,2,242950,2,1
342,405,34,1,5,2,25028,1,0,1,1
343,406,43,1,3,2,38625,1,0,1,1
344,407,41,0,4,0,58207,2,682130,3,0
345,409,29,1,0,1,33320,2,0,1,0
346,410,39,1,16,0,57225,2,0,1,1
347,411,28,0,0,0,52572,1,0,1,1
348,412,29,1,7,2,56243,2,0,1,0
349,414,33,0,17,1,97153,3,0,2,1
350,415,36,0,4,1,61575,2,943310,3,0
351,416,35,0,19,1,92559,3,-990000,1,1
352,417,28,0,15,0,42027,2,0,1,0
353,418,31,1,6,0,74051,2,100160,1,1
354,419,26,1,4,2,38390,1,0,1,1
355,420,39,1,9,2,80489,3,607260,1,0
356,421,41,1,23,2,93113,2,107520,1,1
357,422,27,1,19,0,78754,3,0,1,0
358,423,36,1,12,1,43083,1,0,1,1
359,424,40,1,8,1,74684,2,0,1,1
360,425,47,1,14,0,30921,3,1333760,3,0
361,426,34,1,16,2,65053,2,0,1,1
362,427,33,1,1,0,88180,3,1465000,2,0
363,429,37,1,27,1,120771,4,0,1,1
364,430,32,1,20,1,14489,1,0,1,1
365,431,39,0,9,1,50457,3,364800,3,0
366,432,36,1,5,1,17047,1,0,1,1
367,433,37,1,4,2,78656,3,155640,1,1
368,434,30,0,25,2,88515,3,2792020,4,0
369,435,29,1,14,1,63479,1,0,1,1
370,436,28,1,16,2,128590,4,243400,1,1
371,438,43,0,28,2,81206,2,139720,1,1
372,439,27,1,22,0,60246,1,0,2,1
373,440,40,1,7,0,113125,4,1541390,1,0
374,441,32,1,25,2,81288,3,200210,3,0
375,442,32,1,15,2,73933,3,0,1,1
376,443,31,0,22,0,55108,2,0,1,1
377,444,32,1,6,0,36856,1,253060,2,0
378,445,32,1,27,1,33956,2,0,1,1
379,446,31,0,14,1,50832,3,1013000,3,0
380,448,37,1,1,0,65389,4,5058470,3,0
381,449,25,1,2,1,32466,1,0,1,0
382,450,30,1,12,2,70415,3,1795400,4,0
383,451,41,0,7,2,123390,5,0,1,1
384,452,46,1,10,1,104473,4,0,1,1
385,453,37,1,3,2,123361,4,2392050,2,0
386,454,30,0,8,2,45357,1,0,1,1
387,456,35,0,18,0,45193,2,0,1,1
388,457,23,0,24,0,54992,2,700000,2,0
389,458,31,0,10,1,16749,3,400280,1,0
390,459,29,1,3,2,67194,3,442730,1,0
391,460,29,0,6,1,37575,2,0,2,1
392,461,32,0,27,1,53577,2,196940,2,1
393,462,35,1,7,2,46139,3,359320,1,0
394,463,39,1,16,0,47419,1,0,1,1
395,464,34,1,19,2,86072,3,0,1,1
396,465,35,0,27,2,87438,2,0,2,1
397,466,23,0,15,1,64179,2,0,1,1
398,467,32,1,21,1,83926,3,0,1,1
399,469,31,1,4,2,26067,1,0,1,1
400,470,31,1,0,1,39660,2,0,1,1
401,471,38,1,3,1,59318,3,0,1,1
402,472,39,0,15,0,83429,3,450780,2,0
403,473,25,0,7,0,62431,1,0,1,1
404,474,32,1,1,0,45068,1,0,1,1
405,475,43,1,2,0,42714,1,0,1,1
406,476,28,0,7,1,22918,2,0,1,1
407,477,39,1,10,0,29312,1,0,1,1
408,478,31,0,12,0,39164,2,0,1,1
409,479,24,0,12,2,22947,1,0,1,1
410,481,30,1,3,2,68341,1,0,1,1
411,482,45,1,1,0,56611,2,271680,2,1
412,483,42,0,7,0,132558,3,1590000,3,0
413,484,29,0,23,1,26562,1,0,1,1
414,486,40,0,1,1,31674,2,0,2,1
415,487,39,1,3,0,35091,1,0,1,1
416,488,45,1,20,2,80716,2,0,1,1
417,489,32,0,3,2,49475,1,237500,2,1
418,491,26,1,11,2,41638,1,0,1,1
419,492,36,0,10,1,23107,2,0,1,1
420,493,28,1,28,0,52307,2,0,2,0
421,494,36,0,7,0,110964,3,0,1,0
422,496,24,1,6,0,20170,1,0,1,1
423,497,30,0,7,0,65035,2,0,1,1
424,498,31,1,12,2,65571,2,0,1,0
425,499,43,1,22,2,47668,3,0,1,0
426,500,40,1,3,0,103119,4,0,1,1
427,501,32,0,7,1,96956,3,300000,2,0
428,502,23,1,24,0,49888,2,0,1,1
429,503,45,0,13,1,42544,1,0,2,1
430,504,33,0,6,0,49653,2,0,1,1
431,505,25,1,18,1,55804,2,0,1,1
432,507,40,1,25,0,29231,2,150780,2,1
433,508,33,1,13,0,48682,2,0,1,0
434,509,25,1,27,1,92079,3,0,1,0
435,510,28,0,21,1,68751,1,0,1,0
436,511,34,1,13,2,58130,2,0,1,0
437,512,43,0,27,0,40777,1,0,1,1
438,513,35,0,12,2,22793,1,0,1,1
439,515,26,0,21,1,10747,2,0,1,1
440,516,26,0,21,1,41099,1,149970,1,0
441,517,51,0,0,2,59796,1,0,1,1
442,518,45,0,6,2,52199,1,0,1,1
443,519,36,1,21,0,83253,3,0,1,1
444,520,28,0,15,0,98996,4,350000,1,1
445,521,35,1,19,1,27882,1,379560,3,0
446,522,36,1,18,2,109652,3,0,3,1
447,523,39,1,28,1,31056,3,0,1,1
448,524,33,1,8,0,82822,3,950000,2,0
449,525,33,1,14,0,106727,3,0,2,1
450,527,35,1,15,0,86823,4,1000000,1,1
451,528,34,1,1,1,51086,2,0,1,1
452,529,32,0,28,1,12934,2,0,1,1
453,530,37,1,20,2,31137,1,0,1,1
454,531,35,1,27,2,68045,2,386520,2,0
455,532,37,1,18,1,61243,1,600540,3,0
456,533,36,1,0,0,35731,1,0,1,1
457,534,28,1,1,1,87872,3,0,1,0
458,535,39,1,19,0,77182,4,557750,1,1
459,536,28,1,18,2,35112,1,630520,2,1
460,537,35,0,21,0,84554,3,2941090,4,0
461,538,26,0,15,0,29698,1,0,2,0
462,539,36,1,16,1,109296,3,0,1,1
463,540,29,1,5,1,96233,3,0,1,0
464,541,27,1,0,2,71812,2,0,1,1
465,542,44,1,27,0,43720,2,0,1,1
466,543,29,1,3,1,34793,3,0,1,0
467,544,43,1,5,2,50345,2,0,2,1
468,545,29,0,18,0,62542,2,0,1,1
469,546,36,0,5,2,20993,1,195960,1,0
470,547,28,1,10,1,34536,2,990600,2,0
471,548,31,0,12,2,55239,3,0,1,0
472,549,24,0,11,0,20886,1,212640,1,1
473,550,36,1,19,0,55670,1,1783680,3,0
474,551,43,1,4,2,84481,3,0,1,1
475,552,37,1,4,0,65170,3,5487960,4,0
476,553,32,1,3,0,44273,2,0,1,1
477,554,36,1,16,2,19649,1,0,1,1
478,556,36,0,27,2,51658,2,1050000,4,0
479,558,39,0,2,0,55263,2,350000,1,1
480,559,41,1,19,1,44342,1,294140,3,0
481,560,42,1,10,2,152234,4,1053630,1,0
482,561,28,1,25,0,43855,1,0,1,0
483,562,29,0,25,1,52465,2,0,1,1
484,563,35,0,12,1,73359,3,0,1,1
485,564,38,1,0,2,31340,1,0,1,1
486,565,37,1,20,0,56543,3,406420,3,0
487,566,37,1,1,2,50504,1,0,1,1
488,568,33,1,7,0,60655,4,2382130,2,0
489,569,40,0,18,1,111743,3,997300,3,0
490,570,34,0,10,2,37929,1,671210,3,0
491,571,32,0,22,2,95826,3,220000,2,0
492,572,30,0,11,1,31890,2,422800,2,1
493,573,27,1,20,2,54026,2,0,1,1
494,574,40,1,4,1,70144,2,255540,1,1
495,575,27,1,17,2,39391,1,0,1,0
496,576,31,0,14,1,68356,3,0,1,1
497,577,29,0,5,2,108091,3,0,1,1
498,578,35,1,21,0,46169,2,0,1,1
499,579,30,0,24,2,70570,2,0,1,1
500,580,42,0,9,2,56877,2,755970,4,0
501,581,42,1,17,2,52641,1,425410,3,0
502,582,33,0,1,2,47682,2,2150900,4,0
503,583,31,1,2,1,59926,2,0,3,0
504,584,29,0,0,1,51593,3,0,1,1
505,585,41,0,23,1,14989,1,0,1,1
506,587,34,0,12,1,96680,3,2956180,4,0
507,588,28,0,4,1,17660,2,0,1,1
508,591,36,1,26,2,100882,3,1395620,2,0
509,592,42,0,12,0,67624,2,402500,2,0
510,593,39,1,15,1,86336,3,0,1,1
511,594,30,1,10,1,41093,2,150440,1,0
512,595,30,1,18,1,55828,2,1300,2,0
513,596,29,1,3,1,66483,2,0,1,1
514,597,28,0,15,2,85926,3,498620,2,0
515,598,38,0,28,0,78135,2,0,1,1
516,599,27,0,22,0,71458,2,0,1,0
517,600,29,1,11,0,115293,3,0,1,1
518,601,33,0,10,0,39119,2,0,1,1
519,602,28,1,28,1,49553,2,0,1,1
520,603,30,1,6,1,64842,2,0,1,1
521,604,47,0,18,0,65856,2,801410,4,0
522,605,37,1,1,0,95352,3,564870,2,0
523,606,34,0,1,1,114230,3,0,2,1
524,607,27,0,19,0,38764,1,0,2,1
525,608,24,1,18,2,83294,2,0,1,1
526,609,33,0,28,2,46186,1,0,1,1
527,610,30,0,15,2,49664,2,0,1,1
528,611,32,0,1,0,39216,2,0,1,1
529,612,31,1,8,1,29685,1,0,1,0
530,613,30,1,0,1,13653,1,0,1,1
531,614,23,0,1,0,36474,1,0,1,1
532,615,34,1,15,2,54056,2,50000,1,1
533,617,22,0,9,1,21673,1,1628040,4,0
534,618,41,1,25,2,54520,2,0,1,1
535,619,30,0,5,0,32150,3,377880,2,0
536,620,29,0,27,2,79801,3,812040,2,0
537,621,29,0,23,2,101494,3,0,1,1
538,622,42,1,14,1,53454,3,0,1,0
539,623,23,0,21,0,57931,1,0,1,1
540,624,35,1,6,0,104712,3,841310,2,0
541,625,32,1,3,0,49936,1,0,1,1
542,626,35,1,16,1,18788,2,0,1,1
543,627,36,1,8,0,35219,2,0,1,1
544,629,43,0,6,1,38624,2,0,1,1
545,630,35,0,20,1,51781,2,0,1,1
546,633,36,0,22,2,48059,3,0,1,1
547,634,29,1,20,2,54358,1,0,1,1
548,635,31,1,20,0,130429,3,150000,1,1
549,636,44,1,12,1,95388,4,0,1,1
550,638,38,1,7,2,149403,5,2940430,2,0
551,639,27,1,3,2,66599,2,239880,2,0
552,640,27,0,27,0,105931,3,0,1,1
553,642,35,1,2,1,86516,3,240920,1,0
554,643,35,1,18,0,63632,2,150470,1,0
555,644,29,1,25,2,34741,1,1000010,3,0
556,645,28,0,27,2,110445,4,0,1,1
557,646,34,1,2,0,71776,3,301150,1,0
558,647,34,0,1,2,57888,1,0,1,1
559,648,28,0,22,1,18928,1,0,2,0
560,649,33,1,5,0,35584,1,0,1,1
561,650,33,0,7,0,42953,2,0,1,0
562,651,34,0,3,0,41298,3,0,1,1
563,652,34,1,12,0,112322,4,0,1,1
564,653,44,0,0,1,64702,2,0,1,1
565,654,22,1,23,1,36116,2,0,1,1
566,655,35,1,4,1,40926,2,0,1,1
567,658,30,0,25,0,105966,3,410260,2,0
568,659,32,0,4,2,54903,3,0,1,1
569,660,24,0,26,1,15327,1,0,1,1
570,662,37,1,21,0,76548,2,659150,3,0
571,663,27,1,13,0,97203,3,0,1,1
572,664,33,1,10,2,40041,1,186080,2,0
573,667,31,1,27,2,78143,2,0,1,1
574,668,29,0,22,0,45969,2,-14600,2,1
575,671,33,1,2,2,42368,3,0,1,1
576,672,30,1,9,2,77011,2,360000,1,1
577,673,36,0,3,0,36967,2,0,1,0
578,674,34,0,5,0,38546,1,0,1,1
579,677,48,0,21,0,71072,3,0,1,1
580,678,35,1,5,2,31411,1,1003620,3,0
581,680,37,0,22,2,127380,4,331570,1,1
582,681,29,1,15,1,51840,2,0,3,0
583,682,30,1,5,0,40008,1,960050,3,0
584,683,41,0,8,2,55762,1,0,1,1
585,684,23,0,12,1,30083,1,0,1,1
586,686,28,0,0,2,62909,2,0,1,1
587,687,32,1,9,1,13037,1,0,1,1
588,688,46,0,5,0,22931,2,194000,1,1
589,689,28,0,1,0,17186,1,0,1,1
590,690,45,0,5,1,49509,2,120150,1,1
591,691,30,0,26,1,59241,2,0,1,1
592,692,32,1,15,0,31831,1,0,1,1
593,693,47,1,5,2,123729,4,1871570,2,0
594,694,32,0,7,2,82632,3,0,2,1
595,695,27,1,8,2,57667,1,0,1,1
596,696,27,0,1,1,79461,3,0,1,1
597,697,43,1,17,0,118215,4,889510,2,0
598,698,33,1,0,2,76536,3,523390,2,0
599,700,29,0,1,0,31052,1,533800,2,1
600,701,44,0,22,2,85450,2,184320,2,1
601,702,38,0,12,1,113807,3,0,1,1
602,703,29,1,2,2,103494,3,0,1,1
603,704,29,1,27,0,62931,2,571730,3,0
604,705,40,1,12,2,130781,3,0,1,1
605,706,35,1,19,1,70677,3,0,1,1
606,707,31,0,23,2,58323,1,0,1,1
607,708,39,0,10,1,97116,3,156890,1,1
608,709,31,1,4,0,135436,5,0,1,1
609,710,32,1,9,2,110299,3,2755120,4,0
610,711,29,1,9,1,31182,1,0,1,0
611,712,34,1,24,0,83615,3,641120,3,0
612,713,29,1,3,1,69388,2,1143750,4,0
613,714,35,1,4,2,81352,3,0,1,1
614,715,41,1,23,0,34780,2,0,1,0
615,716,44,1,0,0,63352,3,1252620,3,0
616,718,27,1,6,2,67490,3,3318050,4,0
617,721,34,1,10,2,101880,3,616430,3,0
618,722,37,1,28,0,37839,2,0,1,1
619,723,33,1,8,0,42243,1,191440,1,0
620,724,32,0,0,2,36430,2,0,1,1
621,725,29,1,12,1,19456,1,0,1,1
622,726,30,0,9,0,51497,1,0,1,1
623,727,39,1,14,2,44720,2,0,2,1
624,729,33,1,20,1,40531,2,0,1,1
625,731,35,0,11,1,19290,1,0,1,1
626,733,23,0,25,1,13937,1,0,1,0
627,734,35,0,14,2,88414,3,0,1,0
628,735,38,0,3,0,110490,4,0,1,1
629,736,27,0,6,2,81944,1,0,1,1
630,737,40,1,10,1,24752,3,196240,1,0
631,738,26,1,27,0,41980,2,0,1,1
632,739,30,0,12,1,108768,3,0,2,1
633,740,37,1,22,0,46131,1,200460,2,0
634,742,34,1,4,0,84637,3,0,1,1
635,743,36,1,1,1,73273,2,0,1,0
636,744,27,1,12,2,43322,1,0,1,1
637,745,30,1,2,2,62042,2,0,1,1
638,747,32,0,8,0,58943,2,0,2,1
639,748,31,0,12,1,50210,3,0,1,0
640,751,27,1,14,1,105510,3,0,1,0
641,752,43,1,15,2,56243,2,193040,2,0
642,753,35,1,7,0,59656,2,3064600,4,0
643,754,29,1,21,1,44820,2,0,1,0
644,755,36,1,27,0,25894,3,0,1,0
645,756,29,0,23,0,57476,3,308360,1,1
646,757,35,1,19,1,63181,3,0,1,1
647,758,34,1,6,0,54288,2,0,1,1
648,759,42,1,18,0,87182,3,0,1,1
649,761,23,1,1,2,69449,2,0,1,1
650,762,35,1,19,2,35024,2,358540,2,0
651,763,32,1,24,2,22913,1,0,1,0
652,764,37,0,18,0,18285,1,0,1,1
653,765,47,0,27,0,123216,4,1661550,2,0
654,766,31,0,27,0,28308,1,197280,3,0
655,767,39,0,11,1,85693,3,0,1,1
656,768,24,0,18,0,87853,1,299100,2,1
657,769,36,1,2,0,107149,3,0,1,0
658,770,26,1,18,1,18544,2,0,1,0
659,771,36,1,24,0,45071,2,0,1,1
660,772,30,1,21,2,75986,3,4356060,4,0
661,773,30,1,21,1,51600,2,0,1,1
662,776,37,0,27,0,63587,2,0,2,1
663,777,30,0,14,2,70816,2,0,1,1
664,778,31,1,28,0,38990,2,0,1,1
665,779,35,0,15,2,23182,1,0,1,1
666,781,41,0,15,2,82503,3,0,1,1
667,782,36,0,21,0,42314,2,1656220,3,0
668,783,49,1,22,2,76195,2,0,1,1
669,784,41,1,8,2,100303,3,0,1,1
670,785,31,1,18,0,54209,2,428800,2,0
671,787,35,1,18,0,75467,3,0,1,1
672,789,40,0,14,1,72265,3,2043520,4,0
673,790,31,1,3,0,40253,2,200000,1,1
674,791,36,0,23,1,84961,3,2306750,4,0
675,792,32,0,10,2,48639,2,0,1,1
676,793,26,0,26,2,92670,3,127800,1,0
677,794,33,1,13,2,60252,2,0,1,1
678,796,32,1,18,2,50434,2,0,1,1
679,797,33,1,16,2,29689,1,0,1,1
680,798,37,1,19,1,34849,2,0,1,1
681,799,34,0,13,0,30951,2,0,1,1
682,800,36,1,25,1,49614,2,0,1,1
683,801,39,1,21,0,62810,3,303860,2,0
684,802,29,1,12,2,63080,3,0,1,0
685,803,27,1,2,2,62232,1,0,1,1
686,804,30,1,15,2,46600,2,0,1,1
687,805,24,1,7,0,17676,1,0,1,1
688,806,40,0,27,1,78647,3,337250,1,0
689,807,32,0,17,0,81547,3,0,1,1
690,808,33,1,6,0,49914,3,0,1,1
691,810,25,1,8,0,45531,2,153540,1,0
692,811,30,1,18,2,66017,2,0,1,1
693,812,31,1,6,2,42395,1,0,1,1
694,813,33,0,19,1,31787,2,0,1,1
695,814,30,1,7,2,56133,1,0,1,0
696,816,41,1,27,2,55115,2,0,1,0
697,818,32,0,14,2,26850,2,0,1,1
698,819,41,1,6,0,114358,4,1146450,2,0
699,820,39,1,5,2,59166,1,0,1,1
700,821,29,0,3,2,113120,3,0,1,1
701,822,31,0,15,1,42601,1,0,1,1
702,824,40,0,28,1,32446,1,0,1,0
703,825,36,0,25,2,64187,3,0,1,0
704,826,28,1,16,1,70740,2,0,1,1
705,827,33,1,20,2,67113,2,-110080,1,1
706,828,34,1,13,1,63298,3,660000,2,0
707,829,38,0,6,1,55313,3,0,1,1
708,830,27,1,22,2,80746,2,150040,1,1
709,831,32,1,11,2,42588,1,300710,2,1
710,832,42,0,7,1,58747,1,300000,4,0
711,834,36,1,12,0,83969,3,0,1,0
712,835,29,1,18,0,66179,2,0,1,0
713,836,41,1,21,1,63636,2,0,1,1
714,838,41,0,2,2,52632,1,0,1,1
715,839,47,1,7,1,53383,2,0,1,1
716,840,40,0,27,1,88813,4,1151820,2,0
717,841,33,0,12,0,58199,2,0,1,1
718,842,37,1,9,0,121419,4,789210,2,1
719,843,30,0,6,0,56035,2,0,1,1
720,844,31,1,18,1,21212,1,0,1,1
721,845,46,1,20,0,22019,2,0,2,1
722,847,30,1,3,0,40409,2,0,1,1
723,848,28,0,20,0,45871,2,0,1,0
724,849,33,0,12,0,77903,3,193600,3,1
725,850,36,1,0,2,113038,4,0,1,1
726,851,34,1,4,0,39131,1,0,1,1
727,852,23,1,13,0,70731,2,0,1,1
728,853,33,0,4,1,29584,2,0,1,1
729,855,35,1,8,1,83524,2,0,1,1
730,856,37,0,14,1,87661,3,0,1,1
731,858,37,1,13,0,75541,2,0,1,1
732,859,23,1,8,2,26151,1,0,1,1
733,860,38,1,12,1,45269,1,0,1,1
734,863,32,0,21,2,40295,1,0,1,1
735,864,36,0,19,0,91602,4,0,1,1
736,865,30,0,1,2,122941,3,350280,2,0
737,866,47,1,11,1,29151,1,0,1,1
738,867,30,0,0,1,35803,2,1408890,4,0
739,868,24,0,20,1,34497,2,0,1,1
740,869,37,1,27,1,28575,1,0,1,1
741,870,37,0,21,0,93000,3,1261860,3,0
742,871,37,0,19,1,52753,2,0,1,1
743,872,32,1,20,2,19791,1,0,1,1
744,873,33,0,20,2,134302,4,2004440,3,1
745,874,37,1,16,1,75133,3,0,1,1
746,875,36,0,23,0,93822,3,0,1,0
747,876,22,0,17,1,39442,2,0,1,1
748,877,32,1,13,1,94770,2,0,1,1
749,879,38,1,27,1,55443,2,0,1,1
750,881,32,1,7,1,61069,2,518370,2,1
751,882,31,1,4,1,94945,4,0,1,1
752,883,32,1,19,1,50863,1,0,1,1
753,885,39,0,13,2,44241,2,251150,1,0
754,886,36,0,11,2,31954,1,0,1,1
755,887,25,1,5,0,23745,1,0,1,1
756,888,31,1,0,0,57266,2,1420090,4,0
757,889,32,1,20,0,47988,3,-150000,1,0
758,890,34,0,24,1,43463,1,425080,3,1
759,892,35,0,22,1,51725,2,0,3,1
760,893,50,0,1,1,73308,2,300000,2,0
761,894,37,1,20,1,45342,3,0,1,1
762,895,31,1,5,2,34868,1,-262530,1,1
763,896,32,0,9,2,22680,1,0,1,1
764,897,51,1,23,0,38502,1,0,1,1
765,899,29,1,12,1,28565,1,0,1,1
766,901,32,0,27,0,41382,2,0,1,1
767,902,28,1,20,0,55857,2,0,1,0
768,904,41,0,18,0,101179,3,0,1,0
769,905,31,1,0,1,43831,2,0,1,1
770,906,36,0,9,0,108997,3,860790,3,0
771,907,36,0,12,0,39104,1,0,1,1
772,908,47,1,23,0,33883,2,348630,2,1
773,909,49,1,10,0,58807,2,0,1,1
774,910,36,1,11,2,44326,1,0,1,1
775,912,38,1,27,1,65995,3,0,1,1
776,913,30,1,18,0,72974,3,0,1,0
777,914,26,0,24,2,45234,1,0,1,1
778,915,46,1,11,1,18512,1,0,2,1
779,916,25,1,6,1,30136,1,0,1,1
780,917,25,1,14,2,60391,1,0,1,1
781,918,25,0,23,2,20379,1,0,1,1
782,919,28,0,4,2,39854,2,0,1,1
783,920,30,1,0,1,46117,2,0,1,0
784,921,34,0,2,2,55630,2,0,1,1
785,922,34,0,17,0,47484,1,0,1,1
786,923,31,0,21,2,70339,2,0,1,1
787,924,25,1,16,2,60056,2,145500,2,1
788,926,49,1,23,1,21646,2,206020,2,0
789,927,29,1,21,2,61371,1,0,1,1
790,928,33,0,11,1,67236,3,0,1,1
791,929,31,1,23,0,20245,2,0,1,1
792,930,37,0,26,2,37285,1,-101180,1,1
793,931,29,0,3,1,59393,3,720000,3,1
794,933,36,0,10,0,75765,3,2400290,4,0
795,935,39,0,12,1,23823,1,0,1,1
796,936,27,1,22,2,42607,1,452140,1,0
797,937,32,1,4,1,36846,2,0,1,1
798,938,34,0,23,2,70330,3,0,1,1
799,939,45,0,14,1,87153,4,303310,1,1
800,940,23,0,14,2,69972,1,259680,2,1
801,941,36,0,5,0,100893,3,0,1,1
802,942,29,1,20,2,40688,2,0,1,1
803,943,53,1,14,1,24923,1,1916280,4,0
804,944,36,0,12,1,93093,3,0,1,1
805,945,40,0,22,2,83025,3,253420,2,0
806,946,44,1,14,0,58803,2,1511140,3,0
807,947,30,0,25,0,74402,3,-141140,1,1
808,948,35,0,3,2,24634,1,0,1,1
809,949,25,0,16,2,31392,1,0,1,1
810,951,41,1,4,1,70478,3,0,1,1
811,952,37,1,9,1,27483,1,200020,2,0
812,953,26,1,4,1,17253,1,0,1,1
813,954,31,1,4,1,43996,2,511200,3,0
814,955,33,1,1,2,99893,3,0,1,1
815,956,30,1,14,0,29492,2,400000,4,0
816,958,35,1,14,1,50799,2,0,1,1
817,959,34,0,8,0,85685,3,0,2,0
818,960,39,0,22,2,107936,3,2000000,3,0
819,961,42,0,18,2,35996,1,0,1,1
820,962,37,1,28,0,45278,1,0,1,1
821,963,40,1,7,0,48483,1,0,1,0
822,964,31,1,27,1,46679,2,0,1,1
823,965,42,1,12,2,74516,2,0,1,1
824,967,45,1,2,2,59526,2,0,1,1
825,968,26,1,23,0,20785,1,0,1,1
826,970,38,1,23,1,83350,3,0,1,1
827,971,26,1,21,2,61982,3,0,1,1
828,972,52,1,0,1,47194,2,0,1,1
829,973,47,1,14,1,90484,3,1773800,3,0
830,974,23,0,27,0,30461,1,0,1,1
831,975,38,0,26,0,33721,1,197200,1,1
832,977,31,0,7,0,28297,1,0,1,1
833,978,32,1,3,2,60185,2,0,1,1
834,979,28,0,15,2,41620,1,990000,2,1
835,980,36,1,19,2,49277,2,0,1,1
836,981,40,0,5,1,72118,3,0,1,0
837,982,31,1,3,0,60672,3,309120,1,0
838,984,29,1,14,2,53058,2,0,1,1
839,985,28,1,17,0,49031,1,0,1,1
840,988,35,1,1,0,60797,3,0,1,0
841,990,43,0,8,0,119806,4,1340470,2,0
842,991,31,1,15,0,61823,2,440660,3,0
843,992,46,1,26,0,52083,1,450040,2,0
844,994,32,1,12,2,39502,2,0,1,1
845,995,31,1,8,0,69418,3,0,1,1
846,996,37,1,25,2,46134,1,0,1,1
847,997,28,1,5,1,40654,2,0,1,1
848,998,32,1,10,1,37617,1,0,1,1
849,999,23,0,12,0,36811,2,247400,2,0
850,1000,28,0,22,2,56016,1,0,1,1
851,1001,38,0,17,2,127070,3,0,1,1
852,1002,29,1,22,1,58277,1,0,1,1
853,1003,28,1,9,1,11706,1,0,1,1
854,1004,31,1,5,1,58588,2,0,1,1
855,1005,30,0,27,1,58540,1,0,1,1
856,1007,31,1,12,2,87810,2,0,1,1
857,1008,23,1,19,0,33831,1,0,1,1
858,1009,41,0,10,1,65464,3,0,1,1
859,1010,34,0,19,0,120188,4,193430,1,1
860,1011,31,1,3,2,76776,2,0,1,1
861,1012,39,1,27,1,50281,3,0,1,1
862,1013,29,0,5,2,30930,1,362240,3,0
863,1014,26,1,11,1,60396,3,400540,2,0
864,1015,32,1,28,2,87047,3,181670,1,0
865,1016,47,0,3,2,82704,2,0,2,1
866,1017,41,0,5,2,57869,2,0,1,1
867,1019,32,0,10,2,32652,2,0,1,0
868,1020,38,1,16,0,22245,3,400000,2,1
869,1021,38,1,21,1,25106,1,-150800,1,1
870,1023,27,1,18,2,79926,3,0,1,1
871,1024,27,0,10,2,24582,1,0,1,1
872,1026,27,1,23,2,48868,1,0,1,0
873,1027,25,0,10,0,27607,1,0,1,1
874,1028,26,1,6,2,63844,2,0,1,1
875,1029,24,1,8,1,20363,1,0,1,0
876,1030,28,1,11,2,20101,1,0,1,1
877,1031,45,1,26,0,68434,3,300000,2,0
878,1032,30,1,26,1,17000,1,352440,2,0
879,1033,28,1,3,1,41705,1,0,1,1
880,1035,38,0,26,2,51680,2,1196360,4,1
881,1036,39,0,8,2,32263,3,0,1,1
882,1037,37,0,1,2,135414,4,1614850,2,0
883,1038,31,1,23,0,21543,3,0,1,1
884,1039,45,1,18,0,138069,4,2015870,2,0
885,1040,32,1,2,2,62748,2,0,1,1
886,1041,38,0,9,0,49443,3,0,1,1
887,1043,34,1,3,0,93121,3,301010,2,0
888,1046,34,1,11,2,76198,3,-3400,3,1
889,1048,37,0,0,2,52668,2,0,1,1
890,1049,28,1,18,2,37278,1,0,1,1
891,1050,32,0,20,0,35462,2,766310,3,0
892,1051,34,0,24,2,77483,2,507070,3,0
893,1054,37,0,11,0,92940,3,592390,1,0
894,1055,33,1,25,2,70772,2,0,1,1
895,1056,32,1,24,2,92713,2,1796700,4,0
896,1057,33,1,21,0,52553,3,1581600,4,0
897,1058,37,0,26,1,47696,2,304590,1,1
898,1059,28,1,11,2,45330,1,0,1,1
899,1060,32,1,21,0,80290,2,0,1,1
900,1061,27,1,1,0,24932,1,0,1,1
901,1062,29,0,24,1,69071,2,0,1,1
902,1063,37,1,12,2,82503,3,0,1,1
903,1064,34,1,19,1,104966,3,0,1,1
904,1065,46,1,23,2,76467,3,300020,1,1
905,1066,29,1,21,1,26253,1,122840,1,0
906,1067,41,1,25,2,68596,3,0,1,1
907,1069,36,0,25,1,55834,2,0,1,1
908,1070,33,1,27,2,101638,3,145600,2,0
909,1072,28,1,7,2,55648,1,0,1,1
910,1073,26,1,12,0,67149,1,0,4,0
911,1075,40,1,5,0,52480,2,0,1,1
912,1076,29,1,4,0,51837,1,0,1,1
913,1077,26,0,22,1,42768,1,150440,2,0
914,1078,38,1,17,1,31540,3,241080,1,0
915,1079,40,1,12,1,84873,3,0,1,1
916,1080,36,1,28,0,47594,1,0,1,1
917,1081,24,0,24,2,55551,1,0,1,1
918,1082,35,0,19,0,35079,2,0,1,1
919,1083,26,0,20,0,60417,1,0,1,1
920,1084,30,1,0,2,49521,1,0,1,1
921,1085,35,0,22,2,62637,2,0,1,1
922,1086,35,1,17,0,94519,2,0,1,1
923,1087,35,1,22,1,89854,3,0,3,0
924,1089,37,1,2,2,60905,1,0,1,1
925,1090,39,1,4,1,96750,4,1518520,2,0
926,1091,31,0,14,2,45720,1,103580,1,1
927,1092,31,0,7,1,36118,1,0,2,1
928,1093,37,1,0,0,77831,3,684460,2,0
929,1094,41,0,27,1,56347,2,0,1,1
930,1095,24,0,12,2,30442,1,0,1,1
931,1096,26,1,5,1,73363,2,0,1,1
932,1097,35,1,24,0,69794,2,1230830,4,0
933,1098,40,1,1,0,41591,3,0,1,1
934,1099,32,0,22,1,61413,2,706470,2,0
935,1101,33,1,17,2,26592,1,0,1,1
936,1102,31,1,26,2,73245,3,0,1,1
937,1103,26,1,0,2,40318,1,0,1,1
938,1104,32,0,26,2,73594,3,1519590,4,1
939,1105,42,1,25,1,59168,1,0,2,1
940,1106,37,1,13,0,49193,2,697030,3,0
941,1107,39,1,12,2,65633,3,0,1,0
942,1108,32,1,6,0,47188,1,0,1,1
943,1109,37,0,19,1,88798,3,756280,3,0
944,1110,26,1,9,0,41167,1,0,1,1
945,1111,40,1,20,2,153109,4,386010,1,0
946,1112,38,0,4,2,27432,1,0,1,1
947,1113,36,1,28,2,50769,1,0,1,1
948,1114,34,0,28,0,85781,3,1389190,2,0
949,1115,31,1,7,2,64444,2,0,1,0
950,1116,35,1,8,0,89585,2,0,2,0
951,1117,34,1,18,2,52990,2,0,1,1
952,1118,29,1,26,1,49410,2,4466180,4,0
953,1119,29,0,13,0,41581,1,2100000,4,0
954,1122,30,1,9,0,80591,3,0,1,1
955,1123,43,0,12,0,55112,2,145510,1,1
956,1125,34,0,9,1,71977,3,527560,2,0
957,1126,38,1,17,0,43747,2,0,1,1
958,1129,33,1,25,1,73087,2,0,2,1
959,1130,27,1,23,0,46464,1,0,1,1
960,1131,24,0,10,1,68309,2,0,1,1
961,1133,32,0,19,2,44062,1,0,1,1
962,1134,34,1,10,0,112066,3,0,1,1
963,1136,35,0,8,1,50118,2,0,1,1
964,1137,33,1,13,0,102175,3,1023820,2,1
965,1138,31,1,16,2,81440,3,0,1,1
966,1139,35,0,17,1,49939,1,265340,2,0
967,1140,25,1,21,0,46856,1,0,1,1
968,1141,37,0,27,2,61133,3,0,1,1
969,1143,32,1,21,2,30860,2,0,1,1
970,1144,34,1,23,2,69412,2,307490,3,0
971,1145,31,1,12,2,60118,2,0,1,0
972,1146,34,1,18,0,27548,2,0,1,1
973,1147,37,0,21,1,69789,4,1154320,2,0
974,1149,35,0,20,0,82078,3,503520,2,0
975,1150,35,0,0,2,38572,2,0,1,1
976,1151,33,1,27,1,103994,4,0,1,1
977,1152,34,0,15,1,17607,2,0,1,1
978,1153,34,0,28,2,108284,3,0,1,0
979,1154,33,1,3,1,30106,1,0,1,1
980,1155,25,0,7,2,51796,1,0,1,1
981,1156,31,1,19,0,46239,1,0,1,1
982,1157,31,1,22,2,57356,1,0,1,0
983,1158,33,0,16,0,62905,3,0,1,1
984,1159,34,1,1,2,50547,3,204070,2,0
985,1160,28,1,26,1,12779,1,0,1,1
986,1161,30,1,3,0,67371,3,150510,1,0
987,1162,36,1,13,2,114416,3,0,1,0
988,1163,24,0,27,1,22962,1,0,1,1
989,1164,34,0,26,2,32376,1,0,2,1
990,1165,39,0,7,0,98374,3,2049680,4,0
991,1166,35,1,1,0,18378,1,0,1,1
992,1167,29,1,15,1,22895,2,0,1,1
993,1169,33,1,13,0,95188,3,301170,2,0
994,1172,28,1,28,0,76076,2,0,1,1
995,1173,41,1,14,2,26301,1,400000,1,0
996,1175,42,0,19,2,52588,1,0,2,1
997,1177,26,1,19,1,23094,1,1450740,4,0
998,1178,42,1,7,0,71974,3,665090,1,0
999,1179,52,0,9,0,78200,3,150960,2,0
1000,1180,33,0,7,0,66416,2,0,1,1
1001,1181,34,0,14,0,122554,4,740000,2,0
1002,1182,38,1,16,1,75499,3,0,1,1
1003,1183,35,1,3,1,99876,3,0,1,1
1004,1185,27,1,16,2,39328,1,750000,2,1
1005,1186,30,0,19,0,64699,3,0,1,1
1006,1187,30,0,27,2,109986,3,0,1,1
1007,1188,33,0,27,1,101005,4,150620,1,0
1008,1189,26,1,10,0,15970,1,0,1,1
1009,1190,28,1,0,1,61991,2,0,3,0
1010,1191,37,1,26,2,118722,4,3533590,2,0
1011,1192,24,0,24,2,21234,1,0,1,1
1012,1193,29,1,20,2,50022,2,0,1,1
1013,1194,24,0,6,1,61727,2,0,1,0
1014,1195,33,0,19,0,55949,2,0,1,0
1015,1196,26,1,15,1,46789,2,0,1,1
1016,1197,22,0,25,1,26083,1,0,2,1
1017,1198,32,1,23,2,70899,2,180010,3,0
1018,1199,25,1,20,1,19245,1,0,1,0
1019,1200,38,1,12,0,107178,3,199320,1,0
1020,1201,42,1,14,2,43305,2,0,1,0
1021,1202,30,0,1,2,75735,2,0,1,1
1022,1203,28,1,14,0,51433,2,0,1,1
1023,1204,37,1,9,1,40035,1,0,1,1
1024,1205,28,1,5,0,95465,2,200000,3,1
1025,1206,42,0,6,0,72584,3,989340,3,0
1026,1207,28,1,16,1,56498,2,0,1,1
1027,1208,30,1,1,2,36558,1,0,1,1
1028,1209,35,1,13,0,62599,3,0,1,0
1029,1210,37,1,17,1,59653,2,0,1,0
1030,1211,27,0,0,2,48097,3,0,1,1
1031,1212,27,1,28,1,47419,2,0,1,1
1032,1213,49,1,26,2,54491,1,581990,3,0
1033,1214,38,1,12,2,55698,2,0,3,0
1034,1215,26,1,20,1,18088,1,0,1,1
1035,1216,30,1,0,0,37992,1,156720,1,1
1036,1217,38,1,24,2,48409,1,0,1,1
1037,1218,28,1,3,0,37630,2,0,1,1
1038,1219,22,0,12,1,30295,1,0,1,1
1039,1220,37,0,21,2,90851,3,0,1,1
1040,1222,33,0,12,2,87845,2,129080,3,0
1041,1223,28,1,5,2,54527,2,0,1,1
1042,1224,33,1,20,2,78442,3,0,3,0
1043,1225,30,0,2,0,42262,1,785080,3,0
1044,1226,32,1,26,1,12456,1,0,1,1
1045,1227,33,0,3,2,71748,2,0,1,0
1046,1228,32,1,28,0,45575,1,0,1,1
1047,1229,36,1,8,1,115006,4,200000,1,1
1048,1230,35,0,27,2,92594,3,912480,2,0
1049,1231,44,0,26,2,82540,3,0,1,0
1050,1232,30,1,19,2,133978,4,500000,2,1
1051,1233,32,0,24,0,42565,2,0,1,1
1052,1234,38,1,20,0,21755,1,1100900,3,0
1053,1235,34,1,22,1,50372,1,0,1,1
1054,1236,42,1,1,0,94965,2,0,1,1
1055,1238,29,1,3,1,106983,4,16873160,4,0
1056,1239,24,0,22,2,50554,1,0,1,1
1057,1242,43,0,16,2,67971,3,0,1,1
1058,1243,40,0,19,2,81975,3,265990,4,0
1059,1244,36,0,1,1,15291,2,0,1,1
1060,1245,32,1,12,0,43975,2,0,1,1
1061,1246,31,0,2,0,44069,1,0,1,1
1062,1247,32,1,21,1,19217,1,0,1,1
1063,1248,35,0,19,0,39499,1,0,1,1
1064,1249,23,1,24,0,37143,2,434890,2,0
1065,1250,40,0,5,2,55519,1,50000,1,1
1066,1251,38,0,17,0,130277,3,0,1,1
1067,1252,24,0,25,1,47117,2,0,1,1
1068,1255,41,1,11,1,84791,3,0,1,1
1069,1258,29,0,15,1,98630,2,0,1,1
1070,1259,39,1,13,0,72550,2,1207800,3,0
1071,1260,31,0,8,1,15520,1,0,1,1
1072,1261,29,1,8,1,73103,2,0,1,1
1073,1262,31,1,12,1,66074,2,0,1,1
1074,1263,38,1,7,0,62041,2,435960,3,0
1075,1264,27,0,10,2,77369,3,0,1,1
1076,1265,35,1,26,1,60358,2,760740,3,0
1077,1267,30,1,10,2,35658,1,200920,2,0
1078,1268,38,1,18,2,66569,2,138880,2,0
1079,1269,37,0,11,1,98306,2,364900,2,1
1080,1271,39,0,3,1,108122,5,3750780,2,0
1081,1272,32,0,12,0,38456,2,0,1,1
1082,1273,32,0,2,2,72186,2,0,1,0
1083,1274,54,1,6,2,145861,4,1447200,2,0
1084,1275,30,0,9,1,10883,1,0,1,1
1085,1276,37,1,14,0,42785,1,0,1,0
1086,1277,32,1,14,0,53471,2,0,1,1
1087,1278,31,1,24,2,78444,3,0,1,1
1088,1279,24,0,22,0,34521,1,0,1,1
1089,1280,41,0,12,0,100150,3,0,1,1
1090,1281,29,1,1,1,65870,3,116520,1,1
1091,1283,28,0,26,1,50693,2,151100,1,0
1092,1284,28,0,11,0,53931,1,1016210,4,0
1093,1285,31,1,3,2,55419,2,0,1,1
1094,1286,35,1,6,1,81271,3,240360,2,0
1095,1287,26,0,26,0,52789,1,0,1,1
1096,1288,34,1,12,0,94237,3,0,1,1
1097,1289,37,1,0,2,39644,1,151160,2,1
1098,1290,37,0,16,2,27467,1,600020,3,0
1099,1294,23,1,12,2,89580,3,262990,1,0
1100,1295,31,1,15,2,51643,2,0,1,1
1101,1296,26,1,10,2,50803,1,0,1,1
1102,1297,38,0,12,0,18106,1,0,1,1
1103,1298,36,0,20,0,72219,2,0,1,1
1104,1300,35,1,10,2,39823,1,0,1,1
1105,1301,33,1,26,0,74620,2,0,1,1
1106,1303,33,0,18,2,78813,2,0,1,1
1107,1304,27,0,13,0,32574,1,0,1,1
1108,1305,25,0,16,1,21150,1,0,1,1
1109,1306,35,0,6,1,26928,1,0,1,1
1110,1307,35,1,8,1,55638,3,0,1,1
1111,1308,36,1,21,1,58027,3,0,1,1
1112,1309,34,1,2,0,70921,3,0,1,1
1113,1312,21,0,25,1,22115,1,0,1,1
1114,1314,28,1,4,2,36070,1,0,1,1
1115,1315,34,1,25,0,66225,2,0,1,1
1116,1316,34,0,20,0,75773,3,1715710,3,0
1117,1318,29,1,27,2,111414,3,0,1,1
1118,1319,40,0,24,2,25178,1,0,1,1
1119,1320,36,1,14,2,67498,2,72000,1,1
1120,1321,34,1,12,1,76396,2,0,1,1
1121,1322,28,1,11,0,48963,2,250040,1,0
1122,1323,44,0,25,0,67140,1,142320,1,1
1123,1324,38,1,14,0,57190,3,0,1,0
1124,1325,34,1,17,2,69401,3,125180,1,0
1125,1326,28,0,12,0,41463,1,0,1,1
1126,1327,40,0,21,1,37413,2,1149870,4,0
1127,1328,26,0,23,0,39790,1,0,1,0
1128,1329,31,1,21,2,70088,1,0,1,1
1129,1330,46,0,22,1,116163,4,0,1,1
1130,1331,39,0,26,0,17493,1,0,1,1
1131,1333,34,0,2,2,43026,2,0,1,1
1132,1334,40,1,10,0,107712,4,5064330,4,0
1133,1335,34,1,9,2,157124,3,1044370,3,0
1134,1336,28,1,21,2,76525,3,0,1,1
1135,1337,50,0,1,0,55465,3,0,1,1
1136,1338,33,1,20,1,33154,3,0,1,1
1137,1339,30,1,24,1,24291,1,0,1,0
1138,1340,32,1,6,0,70038,2,0,1,1
1139,1341,35,1,13,1,53117,3,350000,2,0
1140,1342,32,0,12,1,31057,2,0,1,1
1141,1343,36,0,18,0,75417,3,400000,1,1
1142,1345,29,1,21,1,15186,2,248030,1,0
1143,1347,31,1,17,1,54901,2,0,1,1
1144,1348,36,1,17,2,58052,2,0,1,1
1145,1349,33,1,23,1,67126,3,0,1,1
1146,1350,39,1,6,1,43705,2,0,1,1
1147,1351,27,1,27,1,74837,2,0,1,0
1148,1352,33,1,6,0,99415,2,0,1,1
1149,1353,44,1,3,1,49049,2,0,1,1
1150,1354,34,0,12,2,54212,3,116660,1,1
1151,1356,31,0,2,2,29306,2,0,1,1
1152,1357,39,1,21,2,105400,3,0,1,1
1153,1358,32,1,14,0,44463,2,0,1,0
1154,1359,31,1,0,2,52007,2,0,1,1
1155,1360,32,1,12,1,107592,4,0,1,1
1156,1361,40,1,8,2,26796,1,0,1,1
1157,1362,29,1,12,0,72843,2,0,1,1
1158,1363,45,0,10,1,32736,3,0,1,1
1159,1364,43,0,3,0,87325,3,0,1,1
1160,1365,30,1,9,2,25483,1,0,1,1
1161,1366,39,1,14,1,17496,2,0,1,1
1162,1369,29,0,1,1,54231,1,0,1,1
1163,1370,37,0,14,2,66350,1,207700,1,0
1164,1371,27,1,18,1,28447,1,150720,2,1
1165,1372,31,0,13,2,37695,1,329090,4,0
1166,1373,34,1,18,2,47651,2,0,1,1
1167,1374,34,1,24,0,88121,2,839520,1,0
1168,1375,48,0,0,2,44722,1,0,1,1
1169,1376,23,1,15,2,44907,1,0,1,1
1170,1378,28,0,20,1,52711,2,0,1,1
1171,1379,29,1,0,1,68975,2,0,1,0
1172,1380,28,0,8,0,77197,2,0,1,1
1173,1381,41,0,28,2,82617,3,150260,1,0
1174,1382,33,0,7,2,68259,3,0,2,0
1175,1383,28,1,10,1,88777,2,0,1,1
1176,1384,34,1,12,1,38059,1,0,2,1
1177,1385,31,0,15,1,74265,3,0,1,1
1178,1386,27,0,18,2,25458,1,0,1,1
1179,1387,35,1,6,2,51930,2,0,1,1
1180,1388,32,1,18,1,44566,2,0,1,1
1181,1390,51,1,6,1,81150,3,0,1,1
1182,1392,40,0,4,0,89118,4,1080310,2,1
1183,1393,30,1,22,2,54154,2,762380,2,0
1184,1394,36,1,17,0,57908,2,0,1,1
1185,1395,46,0,24,2,30292,1,0,1,1
1186,1396,31,1,7,0,54821,2,-533490,1,1
1187,1397,37,0,2,0,106794,3,0,1,1
1188,1398,32,0,9,0,44160,2,0,1,1
1189,1399,37,0,7,2,48576,2,347400,2,0
1190,1400,39,1,23,2,59112,2,0,1,1
1191,1401,32,0,23,0,58073,3,0,1,0
1192,1402,33,0,25,1,19072,1,0,1,1
1193,1403,36,1,0,1,64693,2,0,1,1
1194,1405,33,1,3,0,119870,3,1383690,4,0
1195,1406,33,1,20,0,80586,3,121260,1,1
1196,1407,27,1,18,0,27806,1,0,1,1
1197,1409,33,0,24,0,81561,3,0,1,1
1198,1410,25,1,24,2,44061,1,0,1,1
1199,1411,40,1,27,1,126416,3,0,2,1
1200,1412,34,1,3,0,77528,3,0,1,0
1201,1413,27,1,21,2,29181,1,106700,1,1
1202,1414,31,0,21,0,47329,2,843770,3,0
1203,1415,29,1,12,0,20641,1,0,2,1
1204,1416,32,0,8,0,55374,1,533170,2,0
1205,1417,38,1,12,2,41446,1,0,1,1
1206,1418,31,1,8,2,67679,1,0,1,1
1207,1419,34,1,15,1,17855,1,310480,1,0
1208,1421,27,1,13,0,62396,3,0,1,1
1209,1422,31,0,3,2,58946,2,602770,2,1
1210,1424,31,1,16,1,48369,2,0,1,1
1211,1425,26,1,7,1,37613,1,0,1,1
1212,1426,37,1,0,0,98220,3,644670,2,0
1213,1428,27,1,11,1,90585,3,553640,3,0
1214,1429,33,0,26,0,70900,1,0,1,1
1215,1430,31,0,25,1,19433,2,0,1,1
1216,1431,37,0,26,0,52963,2,0,1,1
1217,1432,34,1,18,1,29365,2,804820,3,0
1218,1433,25,1,7,1,57678,3,798670,2,0
1219,1434,37,1,13,0,57744,3,0,1,0
1220,1435,25,0,6,2,19020,1,0,1,1
1221,1436,25,1,27,1,64128,2,0,1,1
1222,1437,34,0,22,2,56060,2,200000,1,0
1223,1438,37,1,1,1,63819,3,966790,2,0
1224,1439,31,0,26,0,49664,1,0,1,1
1225,1441,28,1,1,0,78906,2,0,1,1
1226,1442,27,1,4,1,54126,2,0,1,1
1227,1443,36,0,18,0,48540,2,0,1,1
1228,1444,29,0,25,2,27216,1,194020,3,1
1229,1446,39,0,27,2,119932,4,1048600,2,0
1230,1447,45,1,21,2,56478,3,1900270,4,0
1231,1448,36,0,27,1,57087,2,0,1,0
1232,1449,26,0,1,1,36529,1,0,1,0
1233,1450,30,0,25,0,33246,2,0,1,1
1234,1451,25,0,17,0,61502,1,0,1,1
1235,1452,31,1,16,2,61218,1,0,3,1
1236,1453,31,1,12,1,34593,1,0,2,1
1237,1454,33,1,22,2,135337,3,0,1,0
1238,1455,30,1,8,0,55718,2,0,1,1
1239,1456,32,1,28,0,54906,2,0,1,1
1240,1457,35,1,3,0,48050,3,0,1,1
1241,1458,28,0,8,2,41971,2,0,1,1
1242,1459,34,1,17,2,70994,2,0,1,1
1243,1461,46,1,1,1,39841,2,0,2,1
1244,1462,27,0,9,2,58278,2,0,1,0
1245,1463,42,1,11,0,38105,1,351000,2,1
1246,1464,48,0,17,2,69141,2,0,3,1
1247,1465,34,1,8,1,45180,3,0,1,1
1248,1466,42,1,11,0,45183,2,0,1,1
1249,1468,31,1,12,0,66779,3,709210,1,0
1250,1469,28,1,28,1,44091,1,0,2,1
1251,1470,30,1,20,1,47565,1,340380,2,1
1252,1471,36,1,19,0,43690,1,101690,1,1
1253,1472,41,0,14,2,107368,4,300000,1,1
1254,1473,41,1,18,1,94171,3,0,1,1
1255,1474,27,1,19,0,25207,2,0,1,1
1256,1475,28,1,13,0,104567,3,6529550,4,0
1257,1476,33,1,5,0,39422,2,0,1,1
1258,1477,30,1,27,2,110542,4,0,1,1
1259,1479,37,1,24,1,50436,3,0,1,1
1260,1480,29,0,17,1,39635,2,0,1,1
1261,1481,36,0,11,0,16688,1,0,1,1
1262,1482,38,0,19,0,50211,3,0,1,1
1263,1483,24,0,4,2,40408,1,0,1,1
1264,1484,46,1,11,1,101198,4,3028510,3,0
1265,1485,25,1,13,0,46010,1,0,1,1
1266,1486,45,0,6,1,81172,4,525960,1,0
1267,1487,30,1,18,2,23299,1,0,2,1
1268,1489,29,1,27,0,39403,2,461200,3,0
1269,1490,39,0,13,1,71142,2,0,1,1
1270,1491,26,1,12,0,56936,2,0,1,1
1271,1492,42,1,0,1,130279,3,0,1,1
1272,1493,27,1,10,2,64476,1,0,1,1
1273,1494,32,0,9,1,34356,1,0,1,1
1274,1495,30,1,14,2,97212,2,289800,2,0
1275,1498,28,0,3,1,49570,2,0,1,1
1276,1500,31,1,9,2,86551,3,0,1,1
1277,1501,38,1,24,2,73316,3,0,1,0
1278,1502,35,0,13,2,64780,2,0,1,1
1279,1504,50,1,27,2,31555,2,468800,3,0
1280,1505,27,0,14,0,69831,3,1052990,2,0
1281,1506,31,0,5,0,57107,1,0,1,1
1282,1507,39,0,10,2,60780,2,0,1,1
1283,1508,33,1,15,1,108452,3,119140,1,1
1284,1509,35,1,19,0,79222,2,0,1,1
1285,1510,28,0,7,0,92375,3,605370,3,0
1286,1512,32,1,15,0,49957,2,0,1,1
1287,1513,25,0,20,1,19448,2,0,1,1
1288,1514,32,1,12,1,54667,3,640640,1,0
1289,1515,36,1,16,2,84573,3,0,1,0
1290,1516,35,0,3,2,75453,2,0,2,1
1291,1517,42,0,2,2,125545,3,0,1,1
1292,1518,36,0,6,2,113064,3,300210,1,0
1293,1520,32,1,24,2,64559,2,0,1,1
1294,1521,31,1,12,0,31401,1,0,1,0
1295,1522,30,0,25,2,64606,2,0,1,1
1296,1523,28,0,11,2,35116,1,0,1,1
1297,1524,35,0,4,1,44784,2,0,1,1
1298,1525,28,0,4,1,61884,2,255030,1,1
1299,1526,34,1,0,2,60087,1,1000620,3,0
1300,1527,31,1,24,2,82042,2,196920,1,0
1301,1528,42,1,17,2,76707,2,0,1,1
1302,1529,37,0,24,1,20523,1,0,1,0
1303,1530,27,1,12,2,44841,1,0,1,1
1304,1531,31,1,17,2,46001,2,0,1,1
1305,1532,37,1,11,0,48555,2,738850,2,0
1306,1533,32,0,14,1,74305,3,0,1,1
1307,1534,30,0,18,1,96076,3,0,1,1
1308,1536,27,1,6,2,39731,1,0,1,1
1309,1540,32,1,24,2,44949,2,700000,2,1
1310,1541,40,1,23,1,48956,1,104380,2,1
1311,1542,39,0,25,1,42300,1,0,1,1
1312,1543,44,1,23,0,31948,1,0,1,1
1313,1544,37,1,4,0,90123,2,0,1,1
1314,1547,33,0,4,2,57863,2,84740,1,1
1315,1548,28,1,12,0,35090,1,0,1,1
1316,1549,36,0,13,0,95945,3,955990,3,0
1317,1550,30,1,11,0,25552,2,483680,1,0
1318,1553,45,0,0,1,24821,1,-151340,1,1
1319,1555,29,1,15,0,42317,1,0,2,1
1320,1556,31,0,18,1,21762,1,0,1,1
1321,1557,32,1,3,2,47379,1,0,1,1
1322,1558,31,1,14,1,34561,2,0,1,1
1323,1559,38,0,5,2,62853,1,0,1,1
1324,1560,37,1,26,0,44999,2,150220,2,1
1325,1561,31,1,17,1,30292,1,0,1,0
1326,1562,25,0,8,2,31361,1,0,1,1
1327,1563,42,0,19,2,35176,2,710480,3,0
1328,1565,36,0,28,0,30310,1,0,1,1
1329,1566,31,0,25,1,59451,3,0,1,1
1330,1567,36,1,14,0,46726,3,0,1,1
1331,1568,34,1,12,0,70455,2,0,1,0
1332,1569,25,1,13,2,56760,1,0,1,1
1333,1570,33,0,13,2,72503,2,0,1,1
1334,1571,23,1,7,2,54632,1,0,1,1
1335,1572,30,1,27,1,21245,2,0,1,1
1336,1573,30,0,27,0,62349,2,2315020,4,0
1337,1574,27,1,5,1,72839,2,0,1,1
1338,1575,34,1,6,2,111621,3,0,1,1
1339,1576,29,1,18,2,71740,3,1067760,2,1
1340,1577,32,0,16,1,43963,2,0,1,1
1341,1578,42,1,4,2,54922,2,0,1,1
1342,1579,24,1,1,1,32779,1,1200000,4,0
1343,1580,27,1,19,1,23149,2,0,1,1
1344,1581,29,1,6,1,25873,1,0,1,1
1345,1582,39,1,22,0,52711,2,0,2,1
1346,1583,27,0,7,1,12456,1,0,1,1
1347,1585,48,1,26,0,117644,4,151200,1,1
1348,1586,30,0,25,1,75643,2,0,1,0
1349,1587,46,0,12,1,48111,2,0,1,1
1350,1588,42,1,24,0,84516,2,900410,3,0
1351,1589,39,1,6,2,55037,3,0,1,1
1352,1590,31,0,8,1,38396,2,0,1,1
1353,1591,28,1,10,0,43897,2,0,1,1
1354,1592,25,0,21,2,58051,1,409680,3,0
1355,1593,27,1,20,1,49886,2,0,1,1
1356,1594,33,1,12,0,76101,3,0,1,0
1357,1595,29,1,14,0,27572,1,354940,3,1
1358,1597,38,0,8,0,54600,2,482600,2,1
1359,1598,35,1,12,2,95284,4,320320,1,0
1360,1599,30,0,28,2,108812,3,0,1,0
1361,1600,37,1,5,2,83083,3,0,1,1
1362,1601,31,1,3,1,59932,2,0,1,1
1363,1602,38,1,1,1,22645,1,0,1,1
1364,1603,28,0,12,2,66465,1,0,1,1
1365,1605,42,1,7,1,50832,1,535830,3,0
1366,1606,44,0,3,0,99127,3,652300,3,0
1367,1607,26,1,6,2,77477,3,0,1,1
1368,1609,22,0,24,1,12987,1,0,1,1
1369,1610,38,1,26,0,116218,4,406410,1,1
1370,1611,31,1,23,0,23537,1,0,1,1
1371,1612,35,1,19,1,69697,2,0,1,1
1372,1613,33,1,18,1,45531,2,0,1,1
1373,1614,42,1,19,0,20797,2,0,1,1
1374,1616,44,1,5,0,100297,5,0,1,1
1375,1617,34,1,22,2,45153,1,0,1,1
1376,1618,29,1,0,0,56985,2,0,1,0
1377,1619,33,0,7,1,44706,2,0,1,0
1378,1621,27,1,17,2,29043,1,0,4,1
1379,1622,35,1,12,1,21412,2,0,1,0
1380,1623,37,1,24,2,94437,3,285760,2,0
1381,1624,30,0,4,0,72989,3,0,1,1
1382,1625,40,1,21,2,56380,3,164520,1,0
1383,1626,40,1,0,2,113174,4,0,1,0
1384,1627,31,1,0,0,34473,2,0,1,1
1385,1628,37,1,19,1,35189,3,0,1,1
1386,1629,38,1,3,1,112424,4,242610,1,0
1387,1630,35,0,20,0,98568,2,0,1,1
1388,1631,23,0,25,2,71984,3,0,1,1
1389,1632,36,0,22,0,81876,2,0,1,0
1390,1633,31,0,21,1,52126,2,658120,3,0
1391,1634,23,0,13,0,40818,1,0,1,0
1392,1635,29,1,12,1,13417,1,0,1,1
1393,1636,32,1,3,2,61712,3,0,1,1
1394,1637,34,0,0,2,68209,3,412000,1,0
1395,1638,33,0,11,0,122837,3,2336400,4,1
1396,1639,47,1,27,0,50533,1,0,1,1
1397,1640,28,1,20,0,88169,3,0,2,1
1398,1642,50,1,21,2,55774,2,1852860,3,0
1399,1643,36,1,17,0,47992,1,0,1,1
1400,1644,48,0,28,0,105513,4,912620,1,0
1401,1645,25,1,22,1,15822,1,-150530,1,1
1402,1646,33,0,0,2,74903,3,0,1,1
1403,1647,26,1,22,2,36114,1,0,1,1
1404,1650,31,0,15,1,34600,2,0,1,0
1405,1651,43,1,9,1,21942,1,500000,2,1
1406,1652,33,1,22,0,127193,3,262260,2,0
1407,1653,32,0,10,1,16486,1,0,1,1
1408,1655,34,0,2,0,43252,2,977790,3,0
1409,1657,40,1,1,1,100892,4,1100650,2,0
1410,1658,30,0,14,2,34234,1,301330,2,0
1411,1659,25,0,14,0,60688,2,0,1,1
1412,1661,43,1,12,0,21898,1,0,1,1
1413,1662,43,0,0,1,120954,3,2657260,3,0
1414,1663,36,1,24,2,59481,2,0,1,0
1415,1664,52,0,19,0,91839,4,498020,2,1
1416,1665,35,1,3,0,52175,2,255480,2,1
1417,1666,34,1,13,0,42844,2,2061300,4,0
1418,1667,42,1,21,0,58534,3,0,1,1
1419,1668,33,0,6,1,52635,2,200960,1,0
1420,1669,22,1,17,1,11068,1,0,1,1
1421,1670,34,0,0,0,24875,1,184910,2,0
1422,1671,29,0,28,1,62689,3,0,1,1
1423,1672,37,0,5,0,115978,4,0,1,1
1424,1673,52,0,5,2,81784,2,100060,1,1
1425,1674,34,0,0,2,21627,1,102910,1,1
1426,1675,42,0,5,2,53930,1,0,1,1
1427,1676,36,0,19,2,70831,2,247390,2,0
1428,1677,33,0,1,2,123255,2,0,4,1
1429,1678,34,1,7,1,41305,2,400160,2,0
1430,1679,36,1,3,2,55285,2,203180,2,0
1431,1680,32,0,28,0,65299,2,0,1,1
1432,1681,29,1,9,2,40325,1,0,1,1
1433,1682,24,1,16,2,48711,2,0,2,1
1434,1683,40,0,28,1,100798,3,261190,2,1
1435,1685,34,0,17,0,56916,1,0,1,1
1436,1686,34,1,6,1,30959,1,0,1,1
1437,1687,33,1,22,2,45207,1,0,1,1
1438,1688,28,1,20,2,65448,2,0,1,1
1439,1689,36,0,22,2,50809,3,0,1,1
1440,1690,35,1,20,0,87794,3,145300,1,1
1441,1692,34,1,22,2,82666,3,0,1,1
1442,1693,34,0,13,0,48656,2,0,2,1
1443,1694,29,1,6,0,61789,2,564700,4,0
1444,1695,34,1,11,2,94933,3,0,1,1
1445,1696,43,0,27,2,51246,2,0,1,0
1446,1697,27,0,5,1,57627,1,0,1,1
1447,1699,31,0,13,1,14166,1,0,1,1
1448,1701,32,0,28,1,17234,1,0,1,1
1449,1702,39,1,22,1,45148,2,0,1,1
1450,1703,27,0,11,1,39434,1,0,1,1
1451,1704,30,0,9,0,114651,3,-485180,3,1
1452,1706,30,0,7,2,104897,3,0,1,0
1453,1707,35,0,25,1,21129,1,1171240,3,0
1454,1708,25,1,10,1,57063,2,0,1,0
1455,1709,34,1,8,1,35823,1,0,1,1
1456,1710,43,0,26,0,121239,3,1544540,3,0
1457,1712,27,1,9,0,104754,3,193680,1,0
1458,1714,28,1,18,0,39559,2,334800,3,0
1459,1715,29,1,15,1,66935,2,0,1,1
1460,1716,32,0,26,1,89503,4,0,1,1
1461,1717,24,1,11,2,27693,1,0,1,1
1462,1718,36,0,18,1,95658,4,0,1,1
1463,1719,46,0,22,1,44497,1,311670,2,1
1464,1720,33,1,21,1,73122,3,-291920,1,1
1465,1721,37,0,24,1,26206,2,0,1,1
1466,1722,42,1,19,2,76806,3,120030,1,1
1467,1723,30,1,0,0,29283,1,0,1,0
1468,1724,39,1,0,0,56536,2,452950,2,0
1469,1725,25,1,11,1,47565,2,0,1,0
1470,1726,29,1,27,0,39121,1,0,1,1
1471,1727,34,1,0,1,29359,1,0,1,1
1472,1728,40,1,16,2,43047,2,0,1,1
1473,1729,39,0,2,1,96317,3,670440,2,1
1474,1730,42,1,28,1,51579,1,0,1,1
1475,1731,29,0,20,1,61343,5,0,1,1
1476,1732,39,0,1,0,42723,1,0,1,1
1477,1733,43,1,27,2,41276,1,1250290,3,0
1478,1734,25,1,10,2,22575,1,0,1,1
1479,1735,31,1,13,0,91787,3,0,1,1
1480,1736,32,1,19,0,49122,1,0,1,1
1481,1737,29,1,1,0,31773,1,0,1,1
1482,1738,29,1,18,0,53928,1,350000,1,1
1483,1739,30,1,26,0,56867,2,0,1,1
1484,1740,27,0,14,2,53857,1,0,1,0
1485,1741,39,1,3,0,95139,3,2048830,4,0
1486,1742,32,0,19,2,95822,3,0,1,1
1487,1743,38,1,9,1,45163,2,29500,1,1
1488,1744,23,1,14,1,47072,1,0,1,1
1489,1745,31,1,9,2,149637,4,1953980,2,0
1490,1746,51,0,3,2,38478,2,584110,2,1
1491,1749,32,0,0,2,33681,1,0,1,1
1492,1751,30,1,24,2,60847,2,0,1,1
1493,1752,35,0,6,0,80094,3,164050,1,0
1494,1753,41,1,4,1,47598,1,568900,3,0
1495,1754,25,0,1,2,42975,1,0,1,1
1496,1755,29,1,11,0,37995,2,0,1,1
1497,1756,42,0,4,0,51016,3,0,1,1
1498,1757,35,0,22,0,31500,1,0,1,1
1499,1758,40,1,19,2,67685,3,0,1,0
1500,1759,31,1,20,2,22738,1,0,1,1
1501,1760,31,1,23,0,30996,1,116440,1,1
1502,1761,39,1,12,2,149354,5,0,1,1
1503,1763,22,0,3,1,33042,1,0,1,1
1504,1764,39,1,26,2,76804,3,0,1,0
1505,1766,32,1,12,0,23221,3,0,1,0
1506,1769,33,1,11,2,45609,1,365630,1,1
1507,1770,38,0,23,2,92440,4,150370,1,0
1508,1771,34,0,6,1,40685,2,0,1,1
1509,1773,27,0,2,2,81385,2,0,1,1
1510,1774,35,1,15,2,83242,2,0,1,1
1511,1775,37,0,9,0,85332,3,0,1,0
1512,1776,37,1,2,2,73566,2,689860,4,0
1513,1778,29,1,22,2,47980,2,243470,1,1
1514,1779,28,1,22,1,59205,1,0,1,1
1515,1781,39,1,17,2,91064,3,0,1,1
1516,1782,40,0,9,0,101227,3,150340,2,0
1517,1783,45,1,5,1,54718,3,1727890,4,0
1518,1784,30,0,15,2,58671,2,300820,2,1
1519,1785,31,1,19,0,67067,3,0,1,1
1520,1786,24,1,28,0,63577,1,0,2,1
1521,1788,32,0,23,0,49696,2,0,1,1
1522,1789,31,1,17,0,22875,1,0,1,1
1523,1791,41,1,21,0,54377,2,0,1,0
1524,1792,39,1,18,1,61613,3,0,2,1
1525,1793,28,0,16,2,48734,2,784720,2,0
1526,1795,29,1,5,0,60764,3,0,1,1
1527,1796,38,1,25,2,62204,2,0,1,1
1528,1797,25,1,27,0,45526,1,0,1,1
1529,1800,32,1,22,0,35542,2,0,1,1
1530,1801,26,0,7,0,57714,1,0,2,0
1531,1802,25,1,9,2,26520,2,0,1,0
1532,1803,34,1,22,2,52914,1,0,1,1
1533,1804,31,1,6,2,86813,3,300830,1,0
1534,1805,40,1,10,1,59636,3,245280,1,0
1535,1807,29,1,11,0,16581,1,341060,1,0
1536,1808,52,1,25,0,65754,3,0,1,1
1537,1809,38,1,14,0,75835,4,0,1,1
1538,1810,36,1,4,1,90743,3,0,1,1
1539,1811,37,1,28,2,66631,2,457990,2,0
1540,1812,35,0,15,1,51267,3,0,1,0
1541,1813,44,1,5,2,88204,4,0,1,1
1542,1814,27,0,23,1,125011,4,0,1,1
1543,1815,32,1,22,0,44108,2,439490,2,0
1544,1816,27,0,26,1,53920,1,0,1,1
1545,1817,41,0,27,0,64154,3,572780,2,0
1546,1818,30,1,17,2,25579,2,0,1,1
1547,1819,23,1,7,0,30342,1,0,1,1
1548,1820,37,0,12,0,57083,2,0,1,1
1549,1823,44,1,17,1,46309,2,150140,2,1
1550,1824,22,1,18,1,27023,1,0,1,1
1551,1825,51,1,4,1,11943,1,0,1,1
1552,1826,32,1,26,0,145483,3,0,1,1
1553,1828,34,1,7,1,46866,3,544850,2,0
1554,1829,32,0,11,0,53181,1,0,1,1
1555,1830,33,1,25,1,30044,1,915160,3,0
1556,1831,38,1,24,0,42960,3,232800,1,0
1557,1832,41,1,23,2,136307,5,100370,1,1
1558,1834,39,1,8,1,39994,2,0,1,1
1559,1835,28,1,0,2,42507,2,0,1,1
1560,1836,34,0,12,1,48546,2,0,1,0
1561,1837,30,1,6,1,80368,2,1500000,4,0
1562,1838,28,0,26,2,22095,1,0,1,1
1563,1839,38,1,11,1,15861,1,0,1,0
1564,1840,31,0,25,0,38183,3,1442530,4,0
1565,1841,33,1,16,1,123565,3,735010,2,0
1566,1842,28,0,15,1,68837,2,0,1,1
1567,1843,35,1,25,1,113857,3,0,1,1
1568,1844,42,0,0,0,17476,1,0,1,1
1569,1845,30,1,28,2,45811,2,0,1,1
1570,1846,39,0,22,0,41504,2,0,1,1
1571,1847,33,0,16,0,26160,1,258240,2,1
1572,1848,28,1,4,2,40671,1,0,1,1
1573,1849,33,1,25,2,53062,2,0,1,1
1574,1850,34,0,12,2,80779,2,0,2,1
1575,1851,41,0,13,1,54180,2,0,1,1
1576,1852,55,1,22,0,76029,3,251040,4,0
1577,1853,27,1,21,2,140833,4,0,1,1
1578,1854,44,1,13,1,53355,2,400000,2,1
1579,1855,30,1,8,2,54971,2,0,1,1
1580,1856,50,0,0,0,59431,4,153410,3,1
1581,1858,27,0,20,2,48860,1,500000,2,0
1582,1859,35,1,14,1,37209,1,1018850,4,0
1583,1860,35,1,5,0,37704,2,0,1,1
1584,1861,39,1,7,1,41796,1,0,1,1
1585,1862,44,0,17,1,55815,2,0,1,1
1586,1863,29,1,19,0,78511,2,0,1,1
1587,1864,34,0,21,0,85688,3,895380,3,0
1588,1865,41,1,2,2,51764,2,0,1,1
1589,1866,33,1,3,0,38416,1,0,1,1
1590,1867,26,0,12,2,90560,3,0,1,1
1591,1868,43,0,19,1,78444,3,0,1,1
1592,1869,33,0,13,0,127737,3,485520,2,0
1593,1871,29,1,24,1,42573,2,161700,2,0
1594,1872,36,0,3,1,63739,3,0,1,1
1595,1873,33,0,27,1,53926,2,0,1,0
1596,1874,38,1,18,0,55601,2,327020,3,0
1597,1875,45,0,11,2,74090,3,1290830,4,0
1598,1876,38,1,6,0,18948,1,0,1,1
1599,1877,40,0,18,1,126742,5,0,1,1
1600,1878,30,0,25,1,43578,2,0,1,1
1601,1879,46,1,13,0,77647,3,0,1,1
1602,1880,33,0,5,1,66854,2,0,1,0
1603,1882,33,1,8,0,52471,3,197000,2,1
1604,1883,34,0,3,1,53123,3,-484900,1,1
1605,1884,30,1,16,0,44443,1,391240,2,0
1606,1886,30,1,7,0,18192,1,0,1,1
1607,1887,33,1,12,0,27895,2,0,1,1
1608,1888,27,0,12,1,41255,2,0,1,0
1609,1889,30,0,1,1,39830,2,0,1,1
1610,1890,32,0,5,0,79599,3,0,1,1
1611,1891,33,0,19,0,79239,3,0,1,1
1612,1892,44,1,10,2,67732,2,1402370,4,0
1613,1893,39,1,18,0,132819,5,0,1,0
1614,1894,33,0,26,2,51264,3,0,1,0
1615,1895,26,1,20,2,33721,1,0,1,1
1616,1896,41,0,6,1,71593,2,0,1,1
1617,1897,33,1,7,2,123750,4,999000,1,1
1618,1898,37,1,7,1,36230,3,0,1,1
1619,1899,30,1,6,2,57581,1,0,1,1
1620,1900,30,1,4,1,24538,1,0,1,1
1621,1901,28,1,2,2,96265,3,0,1,1
1622,1902,35,0,28,1,39246,2,0,1,1
1623,1904,27,1,5,1,29148,2,0,1,1
1624,1905,29,1,24,2,68418,3,0,1,1
1625,1906,34,1,15,0,76092,3,0,1,1
1626,1908,27,0,27,1,29660,2,0,1,1
1627,1909,31,0,13,2,36661,3,500000,2,1
1628,1911,41,0,6,2,96143,3,0,1,1
1629,1912,25,0,0,1,74589,3,0,1,1
1630,1913,34,1,18,1,32285,2,0,1,1
1631,1914,32,1,22,2,48010,1,590690,2,0
1632,1916,37,0,7,2,34619,1,0,1,1
1633,1917,31,1,23,2,27867,1,0,1,1
1634,1918,31,0,13,1,73070,3,2191670,4,0
1635,1919,33,1,13,2,41169,3,0,1,1
1636,1922,27,1,12,0,25605,2,0,1,1
1637,1924,31,0,1,0,73534,2,575230,2,0
1638,1925,27,1,23,0,63402,2,0,1,0
1639,1926,30,1,18,2,29575,1,0,1,1
1640,1927,42,1,12,1,32043,3,0,1,1
1641,1928,29,1,4,0,69939,3,0,1,1
1642,1929,31,1,28,2,66923,2,207840,2,0
1643,1930,37,1,21,0,67317,2,0,1,1
1644,1932,28,0,26,0,63898,2,0,1,1
1645,1933,32,0,16,1,40086,1,0,1,1
1646,1934,26,1,26,2,52518,2,0,1,1
1647,1935,32,1,27,1,60214,1,0,2,1
1648,1936,26,1,14,0,25818,1,592260,3,0
1649,1937,27,1,20,0,78057,3,0,1,1
1650,1938,36,1,6,2,83455,3,0,1,1
1651,1939,28,0,0,2,55315,2,0,1,1
1652,1941,28,0,26,2,58533,2,1030400,3,1
1653,1942,36,0,19,0,61994,2,0,1,1
1654,1944,46,0,2,0,19072,1,0,1,1
1655,1947,32,0,19,1,41973,2,0,1,1
1656,1948,27,1,22,0,29520,1,0,1,1
1657,1949,31,0,22,0,88909,3,0,1,1
1658,1950,26,0,22,1,28506,2,0,1,1
1659,1951,30,1,21,1,44512,3,0,1,1
1660,1952,28,1,1,2,34020,1,0,1,1
1661,1954,31,1,28,1,49213,1,0,1,1
1662,1955,29,1,22,0,79676,3,0,1,0
1663,1956,36,1,5,0,77645,3,0,1,0
1664,1957,38,0,13,1,25678,2,687700,3,0
1665,1958,28,0,17,1,32250,1,257950,1,0
1666,1959,36,1,18,2,40099,1,719540,2,1
1667,1960,30,0,0,1,59169,2,0,1,1
1668,1962,29,1,6,2,59078,3,0,2,0
1669,1963,32,1,2,1,46860,2,0,1,1
1670,1965,36,1,10,0,40118,3,878140,2,0
1671,1967,41,1,21,1,28059,1,0,1,1
1672,1968,40,1,6,0,55836,1,326470,2,0
1673,1970,24,1,12,0,40996,2,0,1,1
1674,1971,25,1,7,1,45593,2,0,1,0
1675,1972,29,0,9,1,44137,1,159120,1,0
1676,1973,36,1,5,0,52011,1,0,1,1
1677,1975,36,0,11,0,21043,1,0,1,1
1678,1976,31,0,12,2,51181,2,0,1,1
1679,1977,36,0,27,1,26145,1,182390,2,0
1680,1978,41,1,8,1,12553,1,0,1,1
1681,1979,33,1,17,0,18642,1,0,1,1
1682,1980,36,1,21,1,42383,3,164520,1,0
1683,1981,39,0,19,2,60415,2,1300320,3,0
1684,1982,34,0,0,0,81936,2,158530,2,0
1685,1983,49,0,15,2,76531,2,0,1,1
1686,1984,35,1,26,0,56702,2,0,1,1
1687,1987,25,1,23,2,67394,2,0,1,1
1688,1988,39,1,16,1,72499,3,-302520,1,1
1689,1989,37,1,26,2,76388,3,904310,2,0
1690,1990,22,1,20,1,48097,1,0,2,1
1691,1991,30,1,12,2,76425,2,0,1,1
1692,1992,35,0,18,2,28498,1,0,2,1
1693,1993,32,1,13,1,74953,2,0,1,1
1694,1994,37,1,1,0,46345,3,0,1,1
1695,1995,34,1,24,1,54291,1,0,1,1
1696,1996,37,1,4,0,48436,1,0,1,1
1697,1997,35,1,2,0,42408,2,0,1,1
1698,1998,36,1,6,1,32523,2,0,1,1
1699,1999,28,0,10,0,30258,1,0,1,0
1700,2000,25,1,5,2,46866,1,0,1,1
1701,2001,27,0,15,0,39471,1,0,1,1
1702,2002,35,1,25,0,98821,4,291210,1,1
1703,2003,26,0,19,0,54056,2,0,1,1
1704,2005,25,1,4,2,58320,1,200000,1,1
1705,2007,27,0,7,1,85803,3,0,1,1
1706,2008,35,0,19,1,30840,2,1576370,4,0
1707,2009,28,0,1,1,60796,1,0,1,1
1708,2010,32,1,17,0,34692,2,0,1,1
1709,2012,28,1,22,0,70916,2,518670,1,0
1710,2013,37,0,12,2,59274,1,0,2,1
1711,2014,31,0,27,2,60967,2,156000,2,0
1712,2015,33,0,14,2,58203,1,0,1,1
1713,2016,24,0,0,2,24906,2,0,1,1
1714,2017,44,1,23,0,53521,2,0,2,1
1715,2018,25,1,13,1,29719,2,0,1,0
1716,2019,40,0,7,0,64781,2,0,2,1
1717,2020,33,1,22,0,58131,3,0,1,1
1718,2021,25,1,17,2,33239,1,1126490,4,1
1719,2022,31,1,15,1,47050,3,0,1,1
1720,2023,38,0,27,1,37709,2,0,1,1
1721,2024,33,1,12,2,21746,1,310260,1,1
1722,2025,29,1,23,1,42234,1,0,1,1
1723,2026,31,0,18,2,36096,1,0,1,1
1724,2027,36,0,27,0,130245,4,1199590,2,0
1725,2028,41,0,19,2,46269,2,356880,3,0
1726,2030,32,0,13,1,42779,2,0,1,0
1727,2031,26,1,23,1,48890,2,0,1,1
1728,2032,29,1,26,1,85677,3,746720,2,0
1729,2033,29,1,13,2,51303,1,0,1,1
1730,2034,27,0,1,2,74087,2,0,1,1
1731,2035,43,1,25,1,66031,2,0,1,1
1732,2036,28,0,13,1,72393,2,0,1,1
1733,2037,31,1,23,1,50370,3,0,1,1
1734,2038,23,0,26,0,17687,1,0,1,1
1735,2039,36,0,24,2,74434,2,0,1,0
1736,2040,25,1,6,0,20590,1,0,1,1
1737,2041,34,1,14,2,46083,2,0,1,1
1738,2043,36,1,1,1,94212,3,1286400,3,0
1739,2044,34,1,12,1,38619,2,0,1,1
1740,2045,25,1,28,0,84806,3,0,1,1
1741,2047,36,1,21,2,70252,3,224860,1,1
1742,2049,41,0,15,0,100888,3,0,2,1
1743,2050,35,1,21,2,92796,2,2811970,4,0
1744,2052,36,1,9,2,73177,2,526050,3,0
1745,2053,31,0,16,2,46979,3,-305900,1,1
1746,2054,27,1,20,1,56814,2,0,1,1
1747,2055,33,1,1,1,42260,3,598870,2,0
1748,2056,30,1,15,1,100412,3,0,1,1
1749,2057,32,0,19,0,40198,2,0,1,1
1750,2058,34,0,27,2,57449,1,402330,2,0
1751,2059,37,0,12,0,67669,2,0,1,1
1752,2060,30,1,5,2,62011,2,0,1,0
1753,2061,42,0,6,0,57975,2,0,1,1
1754,2062,27,1,1,2,92401,2,102520,1,1
1755,2063,33,1,9,2,55473,2,0,1,1
1756,2064,27,1,24,2,78564,2,0,1,1
1757,2065,36,0,2,1,44146,2,0,1,1
1758,2066,37,0,21,2,63181,2,0,1,1
1759,2067,27,0,17,2,21792,1,0,1,1
1760,2068,37,1,2,0,39750,1,0,1,1
1761,2069,42,0,15,1,30999,1,0,1,1
1762,2070,32,1,25,1,82773,4,764900,2,0
1763,2071,34,0,22,0,80535,2,993480,4,1
1764,2073,21,1,19,1,42380,1,155200,2,1
1765,2074,25,1,9,0,47487,2,0,1,1
1766,2076,40,0,6,2,90200,2,465630,2,0
1767,2078,35,0,3,1,83028,3,2539640,4,0
1768,2082,29,1,16,2,65726,2,0,1,0
1769,2083,37,0,8,2,46515,1,0,1,1
1770,2084,26,0,8,2,42405,2,0,1,1
1771,2085,30,0,14,2,50787,1,0,1,1
1772,2086,45,1,28,1,29915,1,0,1,1
1773,2087,52,1,16,2,102597,3,1668400,4,0
1774,2088,32,0,28,0,45264,1,0,1,0
1775,2089,33,1,21,1,38201,3,234280,2,0
1776,2090,32,1,6,2,74873,2,152890,1,0
1777,2091,40,1,16,0,22556,1,0,1,1
1778,2092,34,1,11,0,66035,3,245250,2,1
1779,2093,31,1,10,2,58872,2,0,1,1
1780,2094,28,1,6,0,26053,1,0,1,1
1781,2095,34,1,18,0,48829,1,0,1,1
1782,2096,35,1,5,0,71129,2,510240,2,0
1783,2097,36,1,17,1,70496,3,0,1,0
1784,2098,44,1,13,2,139882,5,0,1,1
1785,2100,42,1,28,0,65632,2,2549140,4,1
1786,2101,30,1,8,2,90421,3,0,1,1
1787,2102,44,1,11,2,117708,4,0,1,1
1788,2103,37,1,1,1,64855,2,0,1,1
1789,2104,41,0,26,1,79523,3,1199130,4,0
1790,2105,33,1,13,0,33442,1,0,1,1
1791,2106,32,0,11,1,21252,1,0,2,1
1792,2108,32,0,7,2,59928,1,0,1,1
1793,2109,31,1,26,2,72478,2,527950,2,0
1794,2110,38,1,10,1,131847,5,719650,1,0
1795,2113,32,0,6,0,38992,1,0,1,1
1796,2114,41,0,10,1,105686,4,23550000,4,0
1797,2115,30,1,28,2,69166,2,0,1,1
1798,2116,52,0,14,1,40592,1,0,1,1
1799,2117,37,1,23,2,41591,2,0,1,1
1800,2118,27,1,1,2,47752,2,963780,3,1
1801,2120,31,0,23,0,19052,1,0,1,1
1802,2121,26,0,14,2,31743,1,0,1,1
1803,2122,34,1,11,1,61065,3,0,1,1
1804,2123,46,0,22,1,42604,2,0,1,1
1805,2124,23,1,4,0,68936,2,0,1,1
1806,2125,41,0,16,0,39560,1,0,1,1
1807,2126,35,0,20,2,44707,2,0,1,1
1808,2127,34,0,3,2,86291,2,0,1,1
1809,2128,37,1,20,0,21270,1,0,1,1
1810,2129,34,0,8,2,59930,2,0,1,1
1811,2130,34,1,12,2,40948,2,250010,1,1
1812,2131,30,1,13,0,45665,2,0,1,1
1813,2132,31,0,13,0,70778,2,405620,1,0
1814,2133,28,1,14,0,74781,3,0,1,1
1815,2134,40,1,21,1,116006,5,725770,1,0
1816,2135,43,0,16,1,47426,3,0,1,0
1817,2137,35,0,18,2,61050,2,499820,3,0
1818,2138,29,1,27,0,43989,1,0,1,1
1819,2139,26,1,23,2,95969,2,250370,3,0
1820,2140,32,1,10,0,50778,3,0,1,0
1821,2141,28,1,7,2,49533,3,0,1,1
1822,2142,45,0,18,2,41723,1,150350,1,1
1823,2143,26,1,21,1,42844,2,0,1,1
1824,2144,36,0,28,2,42166,2,0,1,1
1825,2145,32,1,23,0,44012,2,0,1,1
1826,2146,27,1,25,0,59352,2,0,1,1
1827,2148,32,0,8,2,69678,3,1000000,2,0
1828,2151,32,1,5,1,52035,2,0,1,1
1829,2152,28,0,14,2,27194,1,0,1,1
1830,2153,30,0,2,0,80499,2,201770,1,0
1831,2154,41,1,17,2,153766,5,0,1,1
1832,2155,36,1,21,2,42772,1,0,1,1
1833,2156,34,0,24,2,82046,2,0,1,1
1834,2157,36,0,1,1,46480,2,0,1,1
1835,2159,35,0,21,0,42813,1,0,1,1
1836,2160,37,0,27,2,66650,2,300000,2,0
1837,2161,39,1,10,0,32871,3,-596570,1,1
1838,2162,38,1,15,0,31809,1,0,1,1
1839,2163,32,1,2,0,55700,1,0,1,1
1840,2164,23,1,6,0,35943,1,0,1,1
1841,2165,37,0,15,1,45604,1,0,1,1
1842,2166,43,1,21,2,31780,1,736480,3,0
1843,2167,39,1,0,0,70714,2,1374470,3,1
1844,2168,40,1,17,0,50801,1,350160,2,1
1845,2169,28,0,26,1,133579,3,0,1,0
1846,2170,30,1,5,2,52196,1,0,1,1
1847,2171,35,1,8,1,55777,3,0,1,1
1848,2172,27,1,28,1,53105,2,0,1,1
1849,2173,43,1,17,0,64370,3,0,1,1
1850,2174,41,1,12,1,19371,1,150250,2,1
1851,2175,41,1,21,2,101223,4,0,1,1
1852,2176,30,1,17,0,50029,1,0,1,1
1853,2178,33,0,2,0,69971,2,506060,3,0
1854,2179,32,0,14,0,59105,2,1047870,3,0
1855,2180,39,1,14,1,11889,1,0,1,1
1856,2181,35,0,16,0,47440,2,0,1,1
1857,2182,24,0,22,1,40437,1,0,1,1
1858,2183,40,0,1,0,29450,3,0,1,1
1859,2186,30,0,27,2,70246,2,0,2,1
1860,2187,31,1,12,1,25510,1,0,1,1
1861,2188,42,0,2,1,94440,4,193220,1,0
1862,2189,44,0,28,0,145116,4,1032890,2,0
1863,2190,28,1,26,0,62955,2,0,1,1
1864,2191,29,1,18,0,30960,1,150040,1,0
1865,2192,39,1,10,0,106428,3,0,1,1
1866,2193,36,1,21,2,84266,3,834890,2,0
1867,2194,36,0,12,1,90033,4,1376040,2,1
1868,2195,32,1,22,1,27262,2,0,1,1
1869,2196,36,1,17,0,116383,4,2000000,1,0
1870,2197,49,0,8,0,82179,2,0,1,1
1871,2198,48,0,5,1,82691,3,1896320,4,0
1872,2199,27,1,24,2,93170,3,1581010,3,0
1873,2200,35,1,6,0,69756,3,1575510,3,0
1874,2201,32,0,10,0,54631,2,0,1,1
1875,2202,30,1,8,1,33986,2,156960,1,0
1876,2203,31,1,26,0,59650,2,0,1,1
1877,2204,29,0,23,2,61879,1,0,2,1
1878,2205,31,0,27,0,31210,2,781480,3,0
1879,2206,25,1,24,0,33391,1,0,1,1
1880,2207,34,1,11,1,20010,1,0,1,1
1881,2208,24,1,25,2,117011,3,0,1,0
1882,2209,37,0,7,0,42339,2,0,1,1
1883,2210,39,1,18,0,112513,4,16979740,4,0
1884,2211,34,1,27,1,22556,1,0,1,1
1885,2214,33,1,12,1,90020,2,0,2,1
1886,2215,27,1,25,0,23801,1,0,1,1
1887,2216,31,1,7,2,52209,2,0,1,1
1888,2217,36,0,23,0,72778,3,463400,2,0
1889,2218,23,0,9,1,20984,1,0,1,1
1890,2219,33,1,17,0,110792,3,0,2,1
1891,2220,38,1,9,0,59077,2,0,1,1
1892,2221,33,1,10,1,62460,3,0,1,1
1893,2223,42,1,4,0,35442,1,768400,3,0
1894,2224,49,0,19,2,61291,1,568780,4,0
1895,2225,37,0,0,0,28216,1,241810,2,1
1896,2226,31,1,7,2,38152,2,239200,2,1
1897,2227,31,0,7,0,25357,1,-200000,1,1
1898,2228,55,0,19,1,79243,2,1287170,4,0
1899,2229,26,1,12,2,103305,3,0,1,1
1900,2230,35,1,7,2,65628,3,281160,1,0
1901,2231,34,0,19,1,78441,4,706990,2,1
1902,2232,26,0,2,0,73207,2,190920,2,1
1903,2233,37,1,27,0,79251,2,0,1,0
1904,2235,30,0,1,1,21935,1,0,1,1
1905,2236,49,0,22,1,53572,2,0,1,1
1906,2238,29,1,8,2,37067,2,0,1,1
1907,2239,46,0,19,0,94485,3,0,1,0
1908,2240,33,1,24,1,85965,3,0,3,1
1909,2241,36,1,24,0,50766,3,548650,2,0
1910,2242,35,1,22,1,70733,2,0,1,1
1911,2245,33,0,10,2,81348,2,0,1,1
1912,2246,28,0,11,2,43647,2,0,1,1
1913,2247,30,0,28,0,49336,1,0,1,1
1914,2248,41,0,3,2,68830,2,0,1,1
1915,2249,38,0,11,0,86246,3,0,1,1
1916,2250,26,1,18,0,41661,2,0,1,1
1917,2251,39,1,6,2,83604,3,485000,3,0
1918,2252,37,0,12,0,101423,3,0,1,1
1919,2253,40,1,2,0,57872,2,153870,2,1
1920,2254,23,0,23,0,54580,1,154400,1,0
1921,2255,40,1,17,1,133489,4,1864400,3,0
1922,2256,31,1,2,1,59644,2,548050,2,1
1923,2257,43,0,14,2,81933,2,2215110,4,0
1924,2258,36,0,5,1,138520,3,1390940,4,0
1925,2259,41,1,23,2,89192,3,642330,2,0
1926,2260,32,1,21,2,38919,2,0,1,0
1927,2261,25,0,16,0,22132,1,0,1,0
1928,2263,25,1,18,1,16216,1,0,1,1
1929,2264,34,0,6,0,73561,4,500000,1,1
1930,2265,28,0,19,0,62243,3,0,1,1
1931,2267,31,0,15,0,112722,4,0,1,1
1932,2268,44,1,16,1,91207,3,421760,1,0
1933,2269,33,1,27,2,46043,3,0,1,1
1934,2270,34,0,28,2,78164,3,0,1,1
1935,2271,38,1,11,1,55943,2,0,1,1
1936,2272,46,0,24,0,96185,3,5276180,4,0
1937,2273,32,1,17,2,66742,3,0,1,1
1938,2274,34,0,16,2,21154,1,0,1,1
1939,2276,33,1,21,2,54915,3,162240,2,0
1940,2277,29,0,17,0,83958,3,0,1,0
1941,2278,34,0,15,1,18291,1,447230,2,1
1942,2279,27,0,10,2,83632,2,371110,2,0
1943,2281,31,1,4,2,51261,2,0,1,1
1944,2282,31,0,24,2,67740,2,0,1,1
1945,2283,37,1,10,1,59764,2,1429870,4,0
1946,2284,31,1,3,1,49471,3,0,1,1
1947,2285,39,0,20,1,40142,2,0,1,1
1948,2286,34,0,21,0,30851,2,0,1,1
1949,2287,34,0,20,2,57624,2,0,1,1
1950,2288,31,1,12,1,40760,1,0,1,1
1951,2289,47,0,11,1,51339,2,897090,2,0
1952,2290,32,0,28,2,57541,2,0,1,0
1953,2291,30,0,11,0,62204,2,0,1,1
1954,2292,30,1,6,1,12895,1,0,1,1
1955,2294,24,0,0,1,25551,1,0,1,1
1956,2295,41,1,18,1,112934,3,0,1,1
1957,2296,25,1,2,1,14761,2,0,1,1
1958,2298,27,1,6,2,77301,3,0,1,0
1959,2299,42,0,24,1,129924,4,1591180,2,0
1960,2300,34,0,25,1,80980,2,0,1,1
1961,2302,36,1,5,0,21530,2,0,1,1
1962,2303,35,1,0,0,103102,2,295520,1,1
1963,2304,28,1,6,2,34461,3,0,1,1
1964,2306,31,0,19,0,40435,1,0,1,1
1965,2307,25,0,21,1,76455,1,0,1,0
1966,2308,47,1,13,1,49280,2,150110,2,0
1967,2309,36,0,28,1,60982,2,0,1,1
1968,2310,31,1,25,2,23566,1,0,1,1
1969,2311,33,1,12,0,59587,2,209480,1,0
1970,2313,32,0,9,0,21780,1,0,1,1
1971,2314,30,1,3,0,87351,4,1686890,2,0
1972,2315,34,0,23,2,103060,3,0,1,1
1973,2318,34,0,18,2,46851,2,490230,4,0
1974,2319,38,1,26,2,37900,2,0,1,1
1975,2320,29,1,20,2,23334,1,0,1,1
1976,2321,33,1,11,0,49659,1,0,1,1
1977,2322,31,0,3,1,38223,3,686720,3,0
1978,2323,25,0,15,1,18770,1,0,1,1
1979,2324,34,1,10,2,41798,1,0,1,1
1980,2326,33,0,17,1,71384,3,0,1,1
1981,2327,35,0,0,1,65040,1,0,1,1
1982,2329,33,0,1,1,35939,1,0,1,1
1983,2330,28,0,27,2,80818,2,-154360,1,1
1984,2331,23,0,11,0,54235,2,0,1,0
1985,2332,24,0,23,1,33981,1,0,1,1
1986,2333,41,1,26,1,59902,3,0,1,1
1987,2334,30,0,27,0,35595,1,400060,3,0
1988,2335,32,1,12,0,67490,2,0,1,1
1989,2336,44,1,25,2,39054,1,0,1,1
1990,2338,30,1,19,2,27774,2,0,1,1
1991,2339,34,1,1,2,39612,2,0,1,1
1992,2340,33,1,20,2,56687,2,0,1,1
1993,2342,33,0,28,0,47102,2,250000,1,1
1994,2343,25,0,11,2,89894,2,0,1,0
1995,2344,34,1,7,1,113197,3,778330,4,0
1996,2345,25,1,19,2,131168,3,0,2,0
1997,2346,36,1,25,1,71338,3,0,1,1
1998,2347,37,1,6,0,54695,3,391640,2,0
1999,2348,24,0,17,2,45009,1,0,1,0
2000,2350,38,1,9,2,23545,1,0,1,1
2001,2351,31,1,24,2,31124,1,0,1,1
2002,2354,32,1,9,1,92847,3,0,1,1
2003,2355,32,0,22,1,63315,2,0,3,1
2004,2356,40,1,20,0,59097,2,0,1,1
2005,2357,34,0,23,0,24378,1,0,1,0
2006,2358,40,1,23,1,33901,1,0,1,1
2007,2360,24,0,6,0,93751,3,0,1,0
2008,2361,34,0,22,1,29642,1,0,1,1
2009,2362,43,0,18,1,56666,3,0,1,1
2010,2363,32,0,4,2,43282,2,0,1,1
2011,2364,38,1,2,2,131567,3,0,1,1
2012,2365,43,0,4,1,99669,4,2529470,2,0
2013,2366,31,0,28,1,55276,2,0,1,1
2014,2367,49,0,17,1,56150,2,0,1,1
2015,2368,27,1,17,2,46397,2,0,1,1
2016,2369,31,1,5,1,14113,1,0,1,1
2017,2370,30,1,19,2,87710,3,0,1,1
2018,2371,43,0,21,0,35133,2,0,1,1
2019,2372,35,1,16,2,67219,3,0,1,1
2020,2373,33,0,12,0,54214,2,0,1,1
2021,2375,41,1,22,0,15189,1,0,1,1
2022,2377,34,0,26,2,21346,1,0,1,1
2023,2378,30,0,5,0,83916,3,0,1,0
2024,2379,28,1,6,2,55546,3,0,1,1
2025,2380,27,0,25,0,136960,5,0,1,1
2026,2381,48,1,10,0,77114,2,305340,2,0
2027,2382,41,0,1,2,77785,4,780000,2,0
2028,2384,36,0,17,2,43764,1,0,1,1
2029,2385,40,0,8,2,57225,2,0,1,1
2030,2386,27,1,13,1,48747,1,111360,3,0
2031,2387,32,1,18,0,65298,2,0,1,1
2032,2388,28,0,28,1,14820,1,0,1,1
2033,2390,46,1,20,1,51383,2,0,1,0
2034,2391,29,1,18,1,40366,2,0,2,1
2035,2392,32,0,21,2,43411,1,0,1,1
2036,2393,30,0,19,1,87010,3,0,1,1
2037,2394,43,1,16,2,76562,3,0,2,1
2038,2395,36,1,12,0,79652,2,0,1,0
2039,2396,34,1,18,2,53750,2,0,1,1
2040,2397,38,0,27,1,47818,2,0,1,1
2041,2398,38,1,1,2,94809,4,1955560,2,0
2042,2399,29,0,15,2,67326,1,190230,3,0
2043,2400,35,1,9,2,53643,1,0,1,1
2044,2402,29,1,19,2,29150,3,0,1,1
2045,2403,35,1,17,1,63888,2,0,3,1
2046,2404,26,1,8,0,23711,1,194000,1,1
2047,2405,36,1,26,2,167758,5,0,1,1
2048,2406,33,0,9,1,31097,1,0,1,1
2049,2407,37,0,27,2,74945,2,1059020,4,0
2050,2408,42,1,23,1,132505,4,912790,1,1
2051,2409,27,1,12,1,16676,1,0,1,1
2052,2410,38,1,12,1,113256,4,0,1,1
2053,2411,34,0,17,2,63321,2,0,1,0
2054,2412,35,0,5,0,77848,3,0,1,1
2055,2413,44,0,25,2,109652,3,0,1,1
2056,2414,31,1,6,0,17648,1,0,1,1
2057,2415,39,1,1,0,112317,3,348680,1,1
2058,2416,33,1,16,2,62380,2,350000,1,1
2059,2417,26,1,20,2,73899,2,0,1,0
2060,2418,35,0,3,0,77613,3,0,1,0
2061,2419,25,0,9,2,27993,1,0,1,1
2062,2420,31,1,24,2,169549,5,652960,1,0
2063,2421,38,1,20,0,58275,1,0,1,1
2064,2422,48,1,23,0,111507,4,1943280,3,0
2065,2423,36,0,9,1,54059,3,1000100,2,0
2066,2424,32,1,25,1,68525,3,393110,1,0
2067,2425,30,1,13,0,28890,3,0,1,1
2068,2426,34,0,17,2,82309,2,345960,2,0
2069,2427,33,0,6,2,40281,2,0,1,1
2070,2428,36,1,8,2,39195,1,0,1,0
2071,2429,27,1,13,1,12064,1,0,1,1
2072,2430,27,1,19,1,58259,2,0,1,1
2073,2431,37,0,8,1,46832,1,0,1,1
2074,2432,53,0,0,0,56188,3,344330,2,1
2075,2433,30,1,21,2,37214,1,0,1,1
2076,2435,29,0,4,1,13222,1,0,1,1
2077,2436,33,1,23,2,100560,3,0,1,1
2078,2438,31,0,9,0,24429,1,0,2,1
2079,2439,28,1,7,2,36373,2,-852000,1,0
2080,2440,35,1,28,2,51769,2,382830,2,0
2081,2441,33,0,24,2,51617,2,0,1,1
2082,2442,37,1,21,2,63424,3,-191040,1,1
2083,2443,26,1,17,1,44169,2,0,1,1
2084,2445,37,1,13,0,90492,3,0,1,1
2085,2446,30,0,21,1,59110,2,970940,4,0
2086,2447,23,1,1,2,71138,2,0,1,1
2087,2448,33,1,9,0,90734,3,0,2,1
2088,2449,37,0,14,1,18024,2,202920,2,0
2089,2450,29,0,23,0,17481,1,0,1,1
2090,2451,24,1,13,1,23511,1,177360,1,1
2091,2453,40,0,3,0,92031,3,535040,2,0
2092,2454,40,1,28,2,37664,1,1290730,4,0
2093,2455,25,1,20,0,99691,4,0,1,1
2094,2457,42,1,16,1,58577,2,0,2,1
2095,2458,38,1,13,0,33343,1,0,1,1
2096,2459,32,0,28,2,85831,2,157050,1,1
2097,2460,26,0,3,2,36191,1,0,1,1
2098,2461,30,1,11,1,42551,2,0,1,1
2099,2464,30,1,6,2,52371,1,494640,3,0
2100,2465,34,1,12,1,19183,2,0,1,1
2101,2467,29,0,0,1,63182,3,0,1,1
2102,2468,33,1,5,0,99858,2,0,1,1
2103,2469,31,0,16,2,45365,3,0,1,0
2104,2470,32,1,19,0,55723,1,0,1,1
2105,2471,27,1,16,1,55344,2,0,1,1
2106,2472,34,1,17,2,36682,1,0,1,1
2107,2473,40,0,25,0,30967,1,453760,2,0
2108,2474,34,1,1,0,44188,1,0,1,1
2109,2475,35,1,3,2,99515,3,0,3,1
2110,2476,34,1,10,0,89269,3,0,1,1
2111,2478,26,0,11,2,68294,1,181800,1,1
2112,2480,29,0,16,1,18538,1,224200,2,0
2113,2481,46,0,11,2,44041,1,532530,2,1
2114,2482,36,1,7,1,47251,3,0,1,1
2115,2483,37,1,23,2,65277,2,1074070,3,0
2116,2484,36,1,11,0,58626,3,350000,2,1
2117,2485,41,1,4,2,51616,1,0,1,1
2118,2486,36,0,25,2,74360,2,0,1,1
2119,2487,37,0,21,2,142543,4,393020,2,0
2120,2488,28,1,5,1,65958,2,0,4,1
2121,2489,36,0,15,0,40775,1,0,1,1
2122,2490,25,0,17,0,29052,1,0,1,1
2123,2491,25,1,12,2,62242,2,0,1,1
2124,2492,36,0,20,2,59644,2,350000,3,1
2125,2493,51,0,10,2,40013,2,0,1,1
2126,2494,47,1,19,1,48747,1,777140,3,0
2127,2495,33,0,22,1,25228,1,-400000,1,1
2128,2496,24,1,20,2,38169,1,0,1,0
2129,2497,39,0,23,1,52092,3,456980,2,0
2130,2498,30,1,14,1,15052,1,153990,2,0
2131,2499,27,1,8,0,75458,2,0,1,1
2132,2500,32,1,27,0,66536,3,0,1,0
2133,2501,31,0,26,1,30212,1,150290,2,1
2134,2502,31,0,12,1,91020,3,0,1,1
2135,2503,35,0,4,1,71761,3,0,1,1
2136,2504,32,0,12,2,70395,3,0,1,1
2137,2505,42,1,3,0,47809,1,293280,3,0
2138,2506,33,1,6,0,18173,1,0,1,1
2139,2507,26,1,15,2,59536,1,0,1,1
2140,2508,37,1,2,2,64254,2,0,1,1
2141,2509,38,0,20,0,118773,3,0,1,1
2142,2510,41,1,0,2,130752,4,0,1,1
2143,2511,23,0,25,0,43876,1,1191080,4,0
2144,2513,28,1,1,1,125576,3,121250,2,1
2145,2514,31,1,7,2,33169,2,0,1,1
2146,2515,40,1,24,2,37667,2,0,1,0
2147,2516,46,1,6,2,115152,4,200000,1,1
2148,2517,33,0,18,0,83236,4,1828550,2,0
2149,2518,38,0,4,0,67049,3,0,1,1
2150,2520,31,1,9,1,34556,2,353130,1,1
2151,2521,26,1,16,1,30558,1,0,1,0
2152,2522,36,0,4,0,90057,5,33747720,4,0
2153,2525,23,0,7,1,18224,1,0,1,1
2154,2527,25,1,24,1,16206,1,0,1,1
2155,2528,45,0,16,0,37521,2,0,1,1
2156,2529,41,1,19,1,31816,1,0,1,1
2157,2530,29,0,21,0,137450,4,0,2,1
2158,2532,39,1,12,2,90090,2,0,2,1
2159,2533,33,1,24,1,45993,1,981120,3,0
2160,2535,32,1,15,0,47678,1,0,1,1
2161,2536,39,0,4,2,38706,2,0,1,1
2162,2537,36,0,12,1,75344,2,203530,1,0
2163,2538,37,1,19,1,96562,3,0,1,0
2164,2539,30,0,6,1,37039,2,0,1,1
2165,2540,34,1,10,1,14776,1,302920,1,1
2166,2541,32,0,19,1,68356,4,917730,2,0
2167,2543,29,1,12,1,59662,3,1448300,4,0
2168,2544,32,1,14,1,67667,2,0,1,1
2169,2545,45,1,14,1,44884,2,200000,1,1
2170,2546,36,1,1,2,70774,2,1500690,4,0
2171,2547,38,1,10,1,77399,2,200000,1,0
2172,2549,31,0,8,1,34569,2,0,1,1
2173,2550,35,1,5,0,78009,3,0,1,0
2174,2551,41,1,15,0,58799,1,392000,2,0
2175,2552,35,0,16,0,45414,1,1298050,4,0
2176,2553,33,0,18,0,54019,3,0,1,1
2177,2554,38,1,5,1,23166,1,0,3,1
2178,2555,39,0,4,1,116077,4,2148800,3,1
2179,2556,25,1,26,2,64168,2,0,1,1
2180,2558,37,1,10,0,29962,1,0,1,1
2181,2559,46,1,17,2,96053,3,0,1,1
2182,2560,30,1,14,2,47301,2,0,1,1
2183,2561,43,0,16,2,81854,3,2045670,4,0
2184,2562,32,1,14,1,128520,3,0,1,1
2185,2563,39,1,12,1,53880,1,0,1,1
2186,2565,29,1,6,1,83215,3,747060,2,0
2187,2566,24,1,9,0,64399,2,0,2,0
2188,2567,49,0,28,2,135231,4,1486270,2,0
2189,2568,32,1,20,1,83298,4,3139180,2,0
2190,2569,27,0,1,2,56766,2,364600,1,0
2191,2570,23,1,28,2,26766,1,0,1,1
2192,2571,34,1,19,0,71878,3,0,1,0
2193,2572,46,0,24,1,65990,2,0,1,1
2194,2573,38,0,18,1,52321,1,0,1,1
2195,2574,23,1,27,1,42059,1,0,1,1
2196,2575,25,1,6,1,37888,1,242500,1,1
2197,2576,30,1,17,0,80907,2,177480,2,0
2198,2577,28,1,4,0,50141,2,0,1,1
2199,2578,25,0,22,2,37046,1,0,1,1
2200,2579,46,1,15,0,50326,2,0,1,1
2201,2581,42,0,21,0,29462,1,0,1,1
2202,2582,46,1,7,1,18799,1,0,1,1
2203,2585,26,1,23,1,24676,2,0,1,1
2204,2586,31,0,23,0,20983,1,0,1,1
2205,2587,35,1,26,2,53902,2,519400,3,0
2206,2588,31,0,20,0,18469,1,0,1,1
2207,2589,34,0,15,2,52222,1,350000,1,1
2208,2590,28,1,2,1,53554,2,0,1,1
2209,2592,36,1,12,2,21364,1,0,1,1
2210,2593,35,1,22,1,76805,3,0,1,1
2211,2594,34,1,13,0,131568,4,1384180,2,0
2212,2595,36,0,9,1,111600,4,401090,2,1
2213,2596,33,1,12,2,69003,3,0,2,1
2214,2597,35,0,22,2,85254,2,101320,3,0
2215,2598,36,0,12,2,102822,3,0,1,1
2216,2599,26,1,26,0,33058,1,0,2,1
2217,2600,42,0,5,1,26460,2,0,1,1
2218,2601,37,1,23,1,17566,1,0,1,1
2219,2602,25,1,16,1,15482,1,0,1,1
2220,2603,37,0,24,2,50158,2,0,1,1
2221,2604,39,0,11,2,110829,3,0,1,1
2222,2605,41,1,27,0,99300,3,0,1,1
2223,2606,24,1,27,1,21993,1,0,1,1
2224,2607,40,1,8,0,21636,1,0,1,1
2225,2608,32,1,7,1,79797,1,0,1,1
2226,2609,23,0,6,2,46604,1,0,1,1
2227,2610,36,0,23,2,75224,3,193200,1,0
2228,2611,39,1,21,0,44154,1,150110,2,0
2229,2612,41,1,4,0,56478,3,0,1,1
2230,2613,30,0,24,1,63004,3,0,1,1
2231,2614,31,1,6,2,81792,2,0,1,1
2232,2615,31,1,21,2,98935,4,2472560,3,0
2233,2616,28,1,7,0,53320,1,0,1,1
2234,2617,39,0,17,1,104128,4,632440,2,0
2235,2618,28,0,12,2,57164,2,0,1,1
2236,2620,35,0,12,0,38829,2,0,1,1
2237,2623,42,0,28,0,68473,2,0,1,1
2238,2624,33,0,3,0,87954,3,0,4,1
2239,2625,39,1,25,1,53377,3,862930,3,0
2240,2626,27,1,11,0,30083,1,0,1,1
2241,2627,34,0,26,1,104058,3,0,1,0
2242,2628,28,1,24,2,28949,1,0,1,1
2243,2629,25,0,13,1,14034,1,0,1,1
2244,2630,39,1,18,2,56808,2,151310,1,1
2245,2631,30,1,0,1,67162,2,0,1,0
2246,2632,26,1,26,2,62716,2,0,1,1
2247,2633,32,0,9,2,126357,3,1225060,3,0
2248,2634,25,1,2,1,65507,2,0,1,1
2249,2635,35,1,12,1,66890,2,0,1,0
2250,2637,41,1,6,1,19724,1,0,1,1
2251,2639,30,0,3,1,92763,3,6000000,4,0
2252,2640,32,0,21,0,80788,2,0,1,0
2253,2641,36,0,8,0,24985,1,0,1,1
2254,2642,30,1,27,1,19447,1,0,1,1
2255,2643,28,1,24,1,17044,2,0,1,1
2256,2644,44,1,27,1,62354,2,0,2,1
2257,2645,32,0,18,0,69599,3,301920,1,0
2258,2646,31,1,22,2,104157,3,332040,1,0
2259,2647,36,1,3,1,55601,2,0,1,1
2260,2648,47,1,24,0,38047,1,0,1,1
2261,2649,40,1,26,2,69098,2,0,1,1
2262,2650,48,1,14,1,38788,1,255000,3,1
2263,2651,34,1,2,2,62292,2,180000,1,1
2264,2653,32,0,6,1,40216,2,0,1,1
2265,2654,30,1,10,1,65092,3,289760,1,0
2266,2655,35,1,1,2,23955,1,0,1,1
2267,2656,34,0,25,0,77739,2,0,1,1
2268,2659,34,0,25,1,23641,2,0,1,1
2269,2660,29,1,4,2,48747,3,180280,2,0
2270,2661,34,0,22,0,68037,2,0,1,1
2271,2663,31,1,26,0,26716,1,0,1,1
2272,2664,37,0,14,0,21909,2,633550,2,0
2273,2665,36,0,8,2,22719,1,0,1,1
2274,2666,28,1,25,0,69153,2,0,1,1
2275,2667,41,1,0,0,103568,4,0,1,1
2276,2668,35,1,7,1,112112,4,656220,1,0
2277,2670,33,0,16,0,38326,1,662540,3,0
2278,2671,35,0,16,0,114637,3,0,1,1
2279,2672,37,0,9,2,56621,3,154700,2,0
2280,2674,29,0,2,0,64610,2,0,1,1
2281,2675,29,1,26,0,68500,2,0,3,1
2282,2676,34,1,4,2,40608,1,0,1,1
2283,2677,25,1,13,0,42400,1,0,1,1
2284,2678,37,0,0,0,51668,3,151150,1,0
2285,2680,28,1,28,0,61670,2,0,1,1
2286,2682,43,1,25,1,102345,4,0,1,1
2287,2683,48,0,25,0,81055,1,0,1,1
2288,2684,37,1,13,0,25186,1,300360,3,0
2289,2685,41,0,0,0,101984,4,0,1,0
2290,2686,26,1,19,2,80394,3,0,2,0
2291,2687,25,1,17,2,43753,2,0,1,1
2292,2690,26,1,2,2,85428,3,1797550,4,0
2293,2691,31,0,7,1,21445,3,0,2,1
2294,2692,30,1,21,0,65156,2,0,1,1
2295,2693,25,1,26,1,58571,1,0,1,1
2296,2694,38,0,12,2,69776,2,-478080,1,1
2297,2695,35,1,6,1,77535,3,0,1,1
2298,2696,37,0,15,0,99907,4,0,1,1
2299,2697,29,1,12,1,52912,1,0,1,1
2300,2698,26,1,13,0,58892,2,0,1,1
2301,2699,39,1,21,1,92672,4,8195380,4,0
2302,2700,33,1,17,1,50306,2,0,1,1
2303,2701,25,1,5,0,64281,1,0,1,1
2304,2702,34,1,12,1,55845,3,0,1,1
2305,2703,38,1,7,1,27572,2,0,1,1
2306,2704,33,1,3,0,29442,2,0,1,1
2307,2705,36,1,16,0,59816,3,543360,2,0
2308,2706,38,1,7,1,76463,3,0,1,1
2309,2707,25,1,16,1,12860,2,0,1,1
2310,2708,26,0,22,2,37784,1,200220,3,0
2311,2709,31,0,8,2,37940,2,0,1,1
2312,2710,38,1,24,0,59562,1,0,1,1
2313,2711,38,0,8,1,39404,3,0,1,1
2314,2712,31,0,26,1,100722,4,0,1,1
2315,2713,32,0,28,2,23582,2,0,1,1
2316,2714,41,1,22,1,83969,3,2162470,4,0
2317,2715,30,0,20,1,56807,3,700940,2,0
2318,2716,32,0,21,0,38744,1,289680,2,1
2319,2718,35,0,12,2,61569,1,304650,1,1
2320,2719,30,1,26,0,27634,1,0,1,1
2321,2720,43,0,25,1,14375,1,140010,1,1
2322,2721,39,1,26,1,50168,2,0,1,1
2323,2722,34,1,9,1,77778,2,450180,1,0
2324,2723,43,0,0,2,47303,1,0,1,1
2325,2724,38,0,19,2,37944,1,0,1,1
2326,2725,35,1,6,0,73538,3,1020670,3,0
2327,2726,25,1,20,2,45675,1,0,1,1
2328,2727,32,0,23,2,36085,3,400440,2,0
2329,2728,27,0,10,2,28318,1,756040,3,0
2330,2729,35,1,1,1,107274,4,889000,1,0
2331,2730,32,0,7,2,69924,2,250000,2,0
2332,2731,44,0,14,2,27828,2,0,1,1
2333,2732,33,0,3,1,53480,3,900000,1,1
2334,2733,29,1,1,2,56659,2,0,1,1
2335,2734,38,0,1,0,49165,1,0,1,1
2336,2735,32,1,7,0,19037,1,0,1,1
2337,2736,27,0,15,2,68957,1,0,1,1
2338,2737,27,0,27,0,41730,1,0,1,1
2339,2738,24,1,8,1,23068,1,242860,1,1
2340,2739,34,1,28,0,32108,2,0,1,1
2341,2740,47,1,14,2,35598,2,1147120,4,0
2342,2742,29,1,0,0,22217,1,0,1,1
2343,2744,42,0,6,1,128906,5,116940,1,1
2344,2745,33,1,18,0,46734,3,0,1,1
2345,2746,32,0,27,1,36284,2,0,1,1
2346,2747,38,0,5,1,50048,1,0,1,1
2347,2749,27,1,20,0,66132,1,0,1,1
2348,2751,32,1,8,2,53115,1,0,1,1
2349,2752,29,1,12,0,66945,2,322760,2,0
2350,2753,40,0,2,0,144726,5,2151760,2,0
2351,2754,30,1,25,2,62462,1,263750,2,0
2352,2755,36,1,2,0,78445,3,0,1,1
2353,2757,37,1,16,2,56848,2,0,1,1
2354,2758,33,1,18,0,69141,2,-606530,1,1
2355,2759,29,1,8,0,82260,2,0,1,1
2356,2760,31,0,12,1,51471,3,0,1,1
2357,2761,29,1,12,2,131805,3,965110,3,0
2358,2762,40,1,0,0,52682,2,0,1,1
2359,2763,38,0,24,1,76756,3,559470,2,0
2360,2764,30,0,17,1,42199,2,0,1,0
2361,2765,26,1,9,0,38809,1,0,1,1
2362,2766,37,0,13,0,53793,3,162120,1,1
2363,2768,30,0,0,2,80138,2,0,1,1
2364,2770,32,1,18,1,49295,3,0,1,0
2365,2771,41,1,3,1,91456,4,193430,1,0
2366,2772,23,0,18,1,51670,2,0,1,1
2367,2773,36,1,10,1,35607,1,0,1,1
2368,2774,41,1,6,0,42313,1,0,1,1
2369,2775,27,1,28,1,85112,3,0,1,0
2370,2776,27,0,19,0,54397,2,0,1,1
2371,2778,35,1,4,2,50180,2,0,1,0
2372,2779,28,1,18,1,95133,3,0,1,1
2373,2781,25,1,15,2,46952,2,2366500,4,0
2374,2782,26,1,10,0,29582,1,0,1,1
2375,2784,34,1,16,1,82815,3,505480,4,0
2376,2785,34,0,28,1,12105,1,0,1,1
2377,2786,45,1,10,1,35370,2,0,1,1
2378,2787,28,0,12,2,69498,1,0,1,1
2379,2788,30,1,19,2,70254,2,411480,2,0
